source,To,From,QA
ahhs,qc_flag,QA_Concerns,added
ahhs,reported_chemical_name,Chemical,agree
ahhs,reported_detect_rate,FreqDet,agree
ahhs,reported_location,Location,agree
ahhs,reported_media,Media,agree
ahhs,reported_N,NumObs,agree
ahhs,reported_reference,PrimRef,agree
ahhs,reported_result,reported_value,melted
ahhs,reported_statistic,reported_statistic,melted
ahhs,reported_units,Units,agree
ahhs,years,SampleYear,agree
ahhs,NA,Media_sub,NA
ahhs,NA,Min,NA
ahhs,NA,Max,NA
ahhs,NA,Mean,NA
ahhs,NA,Median,NA
ahhs,NA,SD,NA
ahhs,NA,DQL,NA
ahhs,NA,Source,NA
ahhs,NA,PulledDate,NA
ahhs,NA,FileName,NA
airmon,reported_chemical_name,Reported.Analyte,agree
airmon,reported_date,Date,added
airmon,NA,Date.Time.Off,NA
airmon,NA,Date.Time.On,NA
airmon,NA,Field.Cond,NA
airmon,NA,FileName,NA
airmon,NA,Lab.Cond,NA
airmon,NA,Lab.Type,NA
airmon,LOD,LOD,added
airmon,NA,pH.Field,NA
airmon,NA,pH.Lab,NA
airmon,NA,Ppt.Nws,NA
airmon,NA,Ppt.Rec,NA
airmon,NA,PulledDate,NA
airmon,qc_flag,QA_Concerns,added
airmon,NA,QR.Code,NA
airmon,reported_location,Site,agree
airmon,NA,SL,NA
airmon,NA,SP,NA
airmon,NA,SubPpt,NA
airmon,NA,Svol,NA
airmon,reported_units,Units,added
airmon,reported_result,Reported.Result,added
airmon,sample_year,Year,added
biomon_ca,LOD,Limit of Detection..LOD...wet.weight,updated
biomon_ca,qc_flag,QA_Concerns,added
biomon_ca,reported_chemical_name,Chemical.measured,updated
biomon_ca,reported_collection_activity_id,Project,agree
biomon_ca,reported_detect_rate,Detection.Frequency,updated
biomon_ca,reported_media,Measured.in,updated
biomon_ca,reported_N,Number.of.people.tested,updated
biomon_ca,reported_population,Study.Group,updated
biomon_ca,reported_result,reported_value,melted
biomon_ca,reported_statistic,reported_statistic,melted
biomon_ca,reported_units,Units,agree
biomon_ca,years,Study.Year,added
biomon_ca,NA,Chemical.Group,NA
biomon_ca,NA,Geometric.mean..95%.Confidence.Interval),NA
biomon_ca,NA,95%.Confidence.Interval.lower,NA
biomon_ca,NA,95%.Confidence.Interval.upper,NA
biomon_ca,NA,25th,NA
biomon_ca,NA,50th,NA
biomon_ca,NA,75th,NA
biomon_ca,NA,90th,NA
biomon_ca,NA,95th,NA
biomon_ca,NA,PulledDate,NA
biomon_ca,NA,FileName,NA
ca_airmon,reported_chemical_name,Chemical,added
ca_airmon,LOQ,DQL,agree
ca_airmon,NA,FileName,NA
ca_airmon,reported_detect_rate,FreqDet,agree
ca_airmon,NA,Max,NA
ca_airmon,NA,Mean,NA
ca_airmon,reported_media,Media,added
ca_airmon,reported_N,NumObs,agree
ca_airmon,NA,PulledDate,NA
ca_airmon,qc_flag,QA_Concerns,added
ca_airmon,reported_statistic,reported_statistic,melted
ca_airmon,reported_result,reported_value,melted
ca_airmon,reported_units,Units,agree
ca_airmon,years,Year,added
ca_surf_sediment,reported_chemical_name,CHEMICAL,agree
ca_surf_sediment,reported_result,CONC_PPB,agree
ca_surf_sediment,reported_link,STUDY_WEBLINK,changed
ca_surf_sediment,us_county,COUNTY,agree
ca_surf_sediment,reported_reference,Data.source,added
ca_surf_sediment,NA,PERCENT_TOC,NA
ca_surf_sediment,NA,SAMP_TIME,NA
ca_surf_sediment,NA,LAT_NAD83,NA
ca_surf_sediment,NA,LONGI_NAD83,NA
ca_surf_sediment,NA,SITE_CODE,NA
ca_surf_sediment,NA,STUDY_CD,NA
ca_surf_sediment,NA,STUDY_DESCRIPTION,NA
ca_surf_sediment,NA,PulledDate,NA
ca_surf_sediment,NA,FileName,NA
ca_surf_sediment,LOQ,LOQ_PPB,agree
ca_surf_sediment,LOD,Method.detection.level.ppb.,added
ca_surf_sediment,qc_flag,QA_Concerns,added
ca_surf_sediment,reported_date,SAMP_DATE,agree
ca_surf_sediment,sample_year,SampleYear,agree
ca_surf_sediment,reported_location,SITE,agree
ca_surf_sediment,NA,Site code,NA
ca_surf_sediment,NA,Latitude-NAD83,NA
ca_surf_sediment,NA,Longitude_NAD83,NA
ca_surf_sediment,NA,Total organic carbon (%),NA
ca_surf_sediment,NA,Sample type,NA
ca_surf_sediment,NA,Study code,NA
ca_surf_sediment,NA,Study description,NA
ca_surf_sediment,NA,Agency,NA
ca_surf_sediment,NA,Record_ID,NA
ca_surf_sediment,NA,PulledDate,NA
ca_surf_sediment,NA,FileName,NA
ca_surf_water,NA,AGENCY,NA
ca_surf_water,reported_chemical_name,CHEMICAL,agree
ca_surf_water,reported_result,CONC_PPB,agree
ca_surf_water,us_county,COUNTY,agree
ca_surf_water,NA,FileName,NA
ca_surf_water,NA,LAT_NAD83,NA
ca_surf_water,NA,LONGI_NAD83,NA
ca_surf_water,LOQ,LOQ_PPB,agree
ca_surf_water,LOD,MDL..ppb.,added
ca_surf_water,NA,PulledDate,NA
ca_surf_water,qc_flag,QA_Concerns,added
ca_surf_water,NA,RECORD_ID,NA
ca_surf_water,reported_date,SAMP_DATE,agree
ca_surf_water,sample_year,SampleYear,agree
ca_surf_water,reported_location,SITE.NAME,changed
ca_surf_water,NA,SITE_CODE,NA
ca_surf_water,reported_reference,Source,added
ca_surf_water,NA,STUDY_CD,NA
ca_surf_water,NA,Study_description,NA
ca_surf_water,reported_link,Weblink,changed
carb,LOD,DQL,changed
carb,qc_flag,QA_Concerns,added
carb,reported_CASRN,CAS,agree
carb,reported_chemical_name,Chemical,agree
carb,reported_detect_rate,FreqDet,agree
carb,reported_location,Location,agree
carb,reported_media,Media,agree
carb,reported_n,NumObs,agree
carb,reported_reference,PrimRef,agree
carb,reported_result,reported_value,melted
carb,reported_statistic,variable,melted
carb,reported_units,Units,agree
carb,years,StudyYear,agree
carb,NA,Media_sub,NA
carb,NA,Min,NA
carb,NA,Max,NA
carb,NA,Mean,NA
carb,NA,Median,NA
carb,NA,SD,NA
carb,NA,Source,NA
carb,NA,PulledDate,NA
carb,NA,FileName,NA
chem_theatre,NA,Collection_Country,added
chem_theatre,qc_flag,QA_Concerns,added
chem_theatre,reported_casrn,CAS,agree
chem_theatre,reported_chemical_name,Chemical_Name,agree
chem_theatre,reported_collection_activity_id,Project_ID,agree
chem_theatre,reported_location,Location,agree
chem_theatre,reported_media,Sample_Type,agree
chem_theatre,reported_reference,doi,agree
chem_theatre,reported_result,Measured_Value,agree
chem_theatre,reported_sample_id,Sample_ID,agree
chem_theatre,reported_units,Unit,agree
chem_theatre,sample_month,Collection_Month,agree
chem_theatre,sample_year,Collection_Year,agree
chem_theatre,NA,Sample,changed
chem_theatre,NA,Experiment_ID,NA
chem_theatre,NA,Remarks,NA
chem_theatre,NA,Register_Date,NA
chem_theatre,NA,Status,NA
chem_theatre,NA,Taxonomy_ID,NA
chem_theatre,NA,Uniq_Code,NA
chem_theatre,NA,Scientific_Name,NA
chem_theatre,NA,Common_Name,NA
chem_theatre,NA,Sex,NA
chem_theatre,NA,Growth_Stage,NA
chem_theatre,NA,Collection_Area,NA
chem_theatre,NA,Collection_Latitude_From,NA
chem_theatre,NA,Collection_Latitude_To,NA
chem_theatre,NA,Collection_Longitude_From,NA
chem_theatre,NA,Collection_Longitude_To,NA
chem_theatre,NA,Update_Date,NA
chem_theatre,NA,Uniq_Code_Type,NA
chem_theatre,NA,Tissue_Organ,NA
chem_theatre,NA,Weight,NA
chem_theatre,NA,Weight_Unit,NA
chem_theatre,NA,Length,NA
chem_theatre,NA,Length_Unit,NA
chem_theatre,NA,Length_Type,NA
chem_theatre,NA,Sample_Name,NA
chem_theatre,NA,Tissue_Lipid,NA
chem_theatre,NA,Tissue_Moist,NA
chem_theatre,NA,Age,NA
chem_theatre,NA,Disease,NA
chem_theatre,NA,Collection_Region,NA
chem_theatre,NA,Collection_Day,NA
chem_theatre,NA,Chemical_ID,NA
chem_theatre,NA,Submitter,NA
chem_theatre,NA,Corresponding_Author_ID,NA
chem_theatre,NA,Release_Date,NA
chem_theatre,NA,Title,NA
chem_theatre,NA,Grant,NA
chem_theatre,NA,Chemical,agree
chem_theatre,NA,ChemGroup,NA
chem_theatre,NA,ChemicalID,NA
chem_theatre,NA,IUPAC,NA
chem_theatre,NA,PubChem,NA
chem_theatre,NA,RegisterDate,NA
chem_theatre,NA,Synonyms,NA
chem_theatre,NA,UpdateDate,NA
chem_theatre,NA,PulledDate,NA
chem_theatre,NA,FileName,NA
chms,country,Location,added
chms,LOD,DQL,changed
chms,qc_flag,QA_Concerns,added
chms,reported_casrn,CAS,added
chms,reported_chemical_name,Chemical,added
chms,reported_detect_rate,FreqDet,added
chms,reported_media,Media,added
chms,reported_N,NumObs,added
chms,reported_reference,PrimRef,added
chms,reported_result,reported_result,NA
chms,reported_statistic,reported_statistic,NA
chms,reported_units,Units,added
chms,years,SampleYear,added
chms,NA,Media_sub,NA
chms,NA,Min,NA
chms,NA,Max,NA
chms,NA,Mean,NA
chms,NA,Median,NA
chms,NA,SD,NA
chms,NA,Source,NA
chms,NA,PulledDate,NA
chms,NA,FileName,NA
ctd,LOD,detectionlimit,added
ctd,qc_flag,QA_Concerns,added
ctd,reported_CASRN,CasRN,agree
ctd,reported_chemical_name,ChemicalName,agree
ctd,reported_detect_rate,detectionfrequency,agree
ctd,reported_location,studycountries,agree
ctd,reported_media,medium,agree
ctd,reported_reference,reference,agree
ctd,reported_result,markerlevel,agree
ctd,reported_statistic,markermeasurementstatistic,agree
ctd,reported_units,markerunitsofmeasurement,agree
ctd,NA,stateorprovince,added
ctd,NA,exposurestressorname,NA
ctd,NA,exposurestressorid,NA
ctd,NA,stressorsourcecategory,NA
ctd,NA,stressorsourcedetails,NA
ctd,NA,numberofstressorsamples,generate
ctd,NA,stressornotes,NA
ctd,NA,numberofreceptors,generate
ctd,NA,receptors,NA
ctd,NA,receptornotes,NA
ctd,NA,smokingstatus,NA
ctd,NA,age,NA
ctd,NA,ageunitsofmeasurement,NA
ctd,NA,agequalifier,NA
ctd,NA,sex,NA
ctd,NA,race,NA
ctd,NA,methods,NA
ctd,NA,detectionlimituom,consider adding
ctd,NA,exposuremarker,NA
ctd,NA,exposuremarkerid,NA
ctd,NA,assaynotes,NA
ctd,NA,citytownregionarea,NA
ctd,NA,exposureeventnotes,NA
ctd,NA,outcomerelationship,NA
ctd,NA,diseasename,NA
ctd,NA,diseaseid,NA
ctd,NA,phenotypename,NA
ctd,NA,phenotypeid,NA
ctd,NA,phenotypeactiondegreetype,NA
ctd,NA,anatomy,NA
ctd,NA,exposureoutcomenotes,NA
ctd,NA,associatedstudytitles,NA
ctd,NA,enrollmentstartyear,NA
ctd,NA,enrollmentendyear,NA
ctd,NA,studyfactors,NA
ctd,NA,ChemicalID,NA
ctd,NA,Definition,NA
ctd,NA,ParentIDs,NA
ctd,NA,TreeNumbers,NA
ctd,NA,ParentTreeNumbers,NA
ctd,NA,Synonyms,NA
ctd,NA,DrugBankIDs,NA
ctd,reported_link,CTDLink,NA
ctd,NA,PulledDate,NA
ctd,NA,FileName,NA
ctd,NA,TD_medium,changed
ctd,NA,BelowDQL,ignore
epa_9potw,LOQ,DQL,added
epa_9potw,nd_flag,BelowDQL,added
epa_9potw,qc_flag,QA_Concerns,added
epa_9potw,reported_chemical_name,Analyte,agree
epa_9potw,reported_date,SampleDate,added
epa_9potw,reported_media,Media_sub,agree
epa_9potw,reported_result,Value,agree
epa_9potw,reported_units,Units,agree
epa_9potw,sample_year,SampleYear,added
epa_9potw,NA,Plant,NA
epa_9potw,NA,PulledDate,NA
epa_9potw,NA,FileName,NA
epa_amtic,LOD,MDL_STD_UG_M3,changed
epa_amtic,nd_flag,BELOW_MDL_FLAG,agree
epa_amtic,qc_flag,QA_Concerns,added
epa_amtic,reported_analytical_method,SAMPLE_ANALYSIS_DESC,agree
epa_amtic,reported_chemical_name,AQS_PARAMETER_NAME,agree
epa_amtic,reported_collection_activity_id,PROGRAM,agree
epa_amtic,reported_date,SAMPLE_DATE,agree
epa_amtic,reported_result,SAMPLE_VALUE_STD_FINAL_UG_M3,agree
epa_amtic,reported_units,UNIT_DESC,agree
epa_amtic,sample_year,YEAR,agree
epa_amtic,us_state,STATE_ABBR,changed
epa_amtic,NA,AMA_SITE_CODE,NA
epa_amtic,NA,AQS_POC,NA
epa_amtic,NA,QUARTER,NA
epa_amtic,NA,SAMPLE_START_TIME,NA
epa_amtic,NA,AQS_PARAMETER_CODE,NA
epa_amtic,NA,DATA_SOURCE,NA
epa_amtic,NA,DURATION_DESC,NA
epa_amtic,NA,SAMPLE_VALUE_REPORTED,NA
epa_amtic,NA,AQS_UNIT_CODE,NA
epa_amtic,NA,SAMPLING_FREQUENCY_CODE,NA
epa_amtic,NA,COMMENT,NA
epa_amtic,NA,SAMPLE_VALUE_STD_FINAL_TYPE,NA
epa_amtic,NA,AQS_PARAMETER_CODE_FINAL,NA
epa_amtic,NA,AQS_PARAMETER_NAME_FINAL,NA
epa_amtic,NA,MDL_TYPE,unsure
epa_amtic,NA,AQS_NULL_DATA_CODE,NA
epa_amtic,NA,AQS_QUALIFIER_01,NA
epa_amtic,NA,AQS_QUALIFIER_02,NA
epa_amtic,NA,AQS_QUALIFIER_03,NA
epa_amtic,NA,AQS_QUALIFIER_04,NA
epa_amtic,NA,AQS_QUALIFIER_05,NA
epa_amtic,NA,AQS_QUALIFIER_06,NA
epa_amtic,NA,AQS_QUALIFIER_07,NA
epa_amtic,NA,AQS_QUALIFIER_08,NA
epa_amtic,NA,AQS_QUALIFIER_09,NA
epa_amtic,NA,AQS_QUALIFIER_10,NA
epa_amtic,NA,AQS_METHOD_CODE,NA
epa_amtic,NA,SAMPLE_COLLECTION_DESC,NA
epa_amtic,NA,SAMPLE_VALUE_FLAG,NA
epa_amtic,NA,CENSUS_TRACT_ID,NA
epa_amtic,NA,CENSUS_TRACT_POPULATION_2010,NA
epa_amtic,NA,MONITOR_LATITUDE,NA
epa_amtic,NA,MONITOR_LONGITUDE,NA
epa_amtic,NA,PulledDate,NA
epa_amtic,NA,FileName,NA
epa_dmr,qc_flag,QA_Concerns,added
epa_dmr,reported_casrn,CAS.Number,agree
epa_dmr,reported_chemical_name,Parameter.Description,agree
epa_dmr,reported_location,Facility.Name,agree
epa_dmr,reported_result,Average.Concentration..mg.L.,agree
epa_dmr,years,Year,agree
epa_dmr,us_county,County,added
epa_dmr,us_state,State,agree
epa_dmr,NA,V1,NA
epa_dmr,NA,X,NA
epa_dmr,NA,NPDES.Permit.Number,NA
epa_dmr,NA,FRS.ID,NA
epa_dmr,NA,TRI.Facility.ID.s.,NA
epa_dmr,NA,CWNS.ID.s.,NA
epa_dmr,NA,Facility.Type.Indicator,NA
epa_dmr,NA,Permit.Type,NA
epa_dmr,NA,Permit.Effective.Date,NA
epa_dmr,NA,Permit.Expiration.Date,NA
epa_dmr,NA,Major.Minor.Status,NA
epa_dmr,NA,SIC.Code,NA
epa_dmr,NA,NAICS.Code,NA
epa_dmr,NA,City,NA
epa_dmr,NA,ZIP.Code,NA
epa_dmr,NA,EPA.Region,NA
epa_dmr,NA,Congressional.District,NA
epa_dmr,NA,Facility.Latitude,NA
epa_dmr,NA,Facility.Longitude,NA
epa_dmr,NA,HUC.12.Code,NA
epa_dmr,NA,Watershed.Name,NA
epa_dmr,NA,Waterbody.Name,NA
epa_dmr,NA,Reach.Code,NA
epa_dmr,NA,Listed.for.Impairment,NA
epa_dmr,NA,Impairment.Class,NA
epa_dmr,NA,Number.of.CSO.Outfalls,NA
epa_dmr,NA,Total.Facility.Design.Flow..MGD.,NA
epa_dmr,NA,Actual.Average.Facility.Flow..MGD.,NA
epa_dmr,NA,Outfall.Number,NA
epa_dmr,NA,Monitoring.Location.Code,NA
epa_dmr,NA,Parameter.Code,NA
epa_dmr,NA,Toxic.Weighting.Factor..TWF.,NA
epa_dmr,NA,Substance.Registry.System.ID,NA
epa_dmr,NA,Limit.Quantity.1..Avg..kg.day.,NA
epa_dmr,NA,Limit.Quantity.2..Max..kg.day.,NA
epa_dmr,NA,Limit.Concentration.1..Min..mg.L.,NA
epa_dmr,NA,Limit.Concentration.2..Avg..mg.L.,NA
epa_dmr,NA,Limit.Concentration.3..Max..mg.L.,NA
epa_dmr,NA,Pollutant.Load..kg.yr.,NA
epa_dmr,NA,X..Load.from.DMRs,NA
epa_dmr,NA,X..Load.from.Limits,NA
epa_dmr,NA,Max.Allowable.Load..kg.yr.,NA
epa_dmr,NA,Load.Over.Limit..Option.1...kg.yr.,NA
epa_dmr,NA,Load.Over.Limit..Option.2...kg.yr.,NA
epa_dmr,NA,Wastewater.Flow..MGal.yr.,NA
epa_dmr,NA,Average.Daily.Load..kg.day.,NA
epa_dmr,NA,Average.Daily.Flow..MGD.,NA
epa_dmr,NA,Average.Wastewater.Temp..deg.F.,NA
epa_dmr,NA,Average.Wastewater.pH,NA
epa_dmr,NA,Potential.Outlier.,NA
epa_dmr,NA,TRI.Chemical.Name,NA
epa_dmr,NA,TRI.Direct.Release..lbs.yr.,NA
epa_dmr,NA,TRI.Indirect.Release..lbs.yr.,NA
epa_dmr,NA,Estimation.Factor,NA
epa_dmr,NA,Includes.non.detects,NA
epa_dmr,NA,PulledDate,NA
epa_dmr,NA,FileName,NA
epa_dmr,NA,NumObs,NA
epa_glenda_fish,qc_flag,QA_Concerns,added
epa_glenda_fish,reported_chemical_name,Analyte,added
epa_glenda_fish,reported_date,SAMPLING_DATE,added
epa_glenda_fish,reported_result,Value,added
epa_glenda_fish,reported_sample_id,SAMPLE_ID,added
epa_glenda_fish,reported_species,TAXON,added
epa_glenda_fish,reported_units,Units,added
epa_glenda_fish,sample_year,YEAR,added
epa_glenda_fish,NA,Row,NA
epa_glenda_fish,NA,LAKE,NA
epa_glenda_fish,NA,VISIT_ID,NA
epa_glenda_fish,NA,STATION_NAME,NA
epa_glenda_fish,NA,TIME_ZONE,NA
epa_glenda_fish,NA,MEDIUM,NA
epa_glenda_fish,NA,SAMPLE_TYPE,NA
epa_glenda_fish,NA,QC_TYPE,NA
epa_glenda_fish,NA,Variable_id,NA
epa_glenda_fish,NA,ANLCode,NA
epa_glenda_fish,NA,Fraction,consider adding
epa_glenda_fish,NA,ResultRemark,NA
epa_glenda_fish,NA,PulledDate,NA
epa_glenda_fish,NA,FileName,NA
epa_glenda_mass,qc_flag,QA_Concerns,added
epa_glenda_mass,reported_chemical_name,Analyte,added
epa_glenda_mass,reported_collection_activity_id,PROJECT,added
epa_glenda_mass,reported_date,SAMPLING_DATE,added
epa_glenda_mass,reported_media,MEDIUM,added
epa_glenda_mass,reported_result,Value,added
epa_glenda_mass,reported_sample_id,SAMPLE_ID,added
epa_glenda_mass,reported_units,Units,added
epa_glenda_mass,sample_year,YEAR,added
epa_glenda_mass,NA,Row,NA
epa_glenda_mass,NA,PROJ_CODE,NA
epa_glenda_mass,NA,MONTH,generate
epa_glenda_mass,NA,CRUISE_ID,NA
epa_glenda_mass,NA,VISIT_ID,NA
epa_glenda_mass,NA,STATION_ID,NA
epa_glenda_mass,NA,LATITUDE,NA
epa_glenda_mass,NA,LONGITUDE,NA
epa_glenda_mass,NA,TIME_ZONE,NA
epa_glenda_mass,NA,STN_DEPTH_M,NA
epa_glenda_mass,NA,SAMPLE_DEPTH_M,NA
epa_glenda_mass,NA,SAMPLE_TYPE,NA
epa_glenda_mass,NA,QC_TYPE,NA
epa_glenda_mass,NA,STAT_TYPE,NA
epa_glenda_mass,NA,V968,removed
epa_glenda_mass,NA,Variable_id,NA
epa_glenda_mass,NA,ANLCode,NA
epa_glenda_mass,NA,Fraction,consider adding
epa_glenda_mass,NA,ResultRemark,consider adding
epa_glenda_mass,NA,PulledDate,NA
epa_glenda_mass,NA,FileName,NA
epa_glenda_mass,NA,V560,removed
epa_glenda_mass,NA,V146,removed
epa_glenda_mass,NA,V80,removed
epa_glenda_mass,NA,V3002,removed
epa_glenda_mass,NA,V44,removed
epa_glenda_mass,NA,V50,removed
epa_glenda_mass,NA,V92,removed
epa_glenda_mass,NA,V734,removed
epa_glenda_mass,NA,V1124,removed
epa_glenda_mass,NA,V4262,removed
epa_glenda_mass,NA,V74,removed
epa_glenda_mass,NA,V56,removed
epa_glenda_mass,NA,V98,removed
epa_glenda_mass,NA,V1622,removed
epa_glenda_mass,NA,V1118,removed
epa_glenda_mass,NA,V128,removed
epa_glenda_mass,NA,V1892,removed
epa_glenda_sed,qc_flag,QA_Concerns,added
epa_glenda_sed,reported_chemical_name,Analyte,added
epa_glenda_sed,reported_date,SAMPLING_DATE,added
epa_glenda_sed,reported_media,MEDIUM,added
epa_glenda_sed,reported_result,Value,added
epa_glenda_sed,reported_units,Units,added
epa_glenda_sed,sample_year,YEAR,added
epa_glenda_sed,NA,Row,NA
epa_glenda_sed,NA,PROJ_CODE,NA
epa_glenda_sed,NA,MONTH,NA
epa_glenda_sed,NA,VISIT_ID,NA
epa_glenda_sed,NA,STATION_ID,NA
epa_glenda_sed,NA,LATITUDE,NA
epa_glenda_sed,NA,LONGITUDE,NA
epa_glenda_sed,NA,TIME_ZONE,NA
epa_glenda_sed,NA,STN_DEPTH_M,NA
epa_glenda_sed,NA,COLLECTION_METHOD,NA
epa_glenda_sed,NA,INTERVAL,NA
epa_glenda_sed,NA,SAMPLE_TYPE,NA
epa_glenda_sed,NA,QC_TYPE,NA
epa_glenda_sed,NA,SAMPLE_ID,NA
epa_glenda_sed,NA,V2610,removed
epa_glenda_sed,NA,Variable_id,NA
epa_glenda_sed,NA,ANLCode,NA
epa_glenda_sed,NA,Fraction,consider adding
epa_glenda_sed,NA,ResultRemark,consider adding
epa_glenda_sed,NA,PulledDate,NA
epa_glenda_sed,NA,FileName,NA
epa_glenda_sed,NA,V1224,removed
epa_glenda_sed,NA,V222,removed
epa_glenda_sed,NA,V654,removed
epa_glenda_sed,NA,V462,removed
epa_glenda_sed,NA,V150,removed
epa_glenda_sed,NA,V366,removed
epa_glenda_sed,NA,V336,removed
epa_glenda_sed,NA,V246,removed
epa_glenda_sed,NA,V2226,removed
epa_glenda_sed,NA,V486,removed
epa_glenda_sed,NA,V552,removed
epa_glenda_sed,NA,V1194,removed
epa_glenda_sed,NA,V606,removed
epa_glenda_sed,NA,V846,removed
epa_glenda_sed,NA,V1182,removed
epa_glenda_sed,NA,V594,removed
epa_glenda_sed,NA,V210,removed
epa_glenda_sed,NA,V456,removed
epa_glenda_sed,NA,V180,removed
epa_glenda_sed,NA,V300,removed
epa_glenda_sed,NA,V216,removed
epa_glenda_sed,NA,V900,removed
epa_glenda_sed,NA,V618,removed
epa_glenda_sed,NA,V24,removed
epa_glenda_sed,NA,V2256,removed
epa_glenda_sed,NA,V834,removed
epa_glenda_sed,NA,V228,removed
epa_glenda_sed,NA,V528,removed
epa_glenda_sed,NA,V282,removed
epa_glenda_sed,NA,V2400,removed
epa_glenda_sed,NA,V642,removed
epa_glenda_sed,NA,V948,removed
epa_glenda_sed,NA,V936,removed
epa_glenda_sed,NA,V954,removed
epa_glenda_sed,NA,V1560,removed
epa_glenda_sed,NA,V102,removed
epa_glenda_sed,NA,V270,removed
epa_glenda_sed,NA,V132,removed
epa_glenda_sed,NA,V96,removed
epa_glenda_sed,NA,V864,removed
epa_glenda_sed,NA,V690,removed
epa_glenda_sed,NA,V1104,removed
epa_glenda_sed,NA,V570,removed
epa_glenda_sed,NA,V2076,removed
epa_glenda_sed,NA,V510,removed
epa_glenda_sed,NA,V240,removed
epa_glenda_sed,NA,V2460,removed
epa_glenda_sed,NA,V1542,removed
epa_glenda_sed,NA,V168,removed
epa_glenda_sed,NA,V426,removed
epa_glenda_sed,NA,V2406,removed
epa_glenda_sed,NA,V564,removed
epa_glenda_sed,NA,V258,removed
epa_glenda_sed,NA,V534,removed
epa_glenda_sed,NA,V546,removed
epa_glenda_sed,NA,V1170,removed
epa_glenda_sed,NA,V2454,removed
epa_glenda_sed,NA,V810,removed
epa_glenda_sed,NA,V474,removed
epa_glenda_sed,NA,V186,removed
epa_glenda_sed,NA,V468,removed
epa_glenda_sed,NA,V1344,removed
epa_glenda_sed,NA,V624,removed
epa_glenda_sed,NA,V636,removed
epa_glenda_sed,NA,V36,removed
epa_glenda_sed,NA,V828,removed
epa_glenda_sed,NA,V762,removed
epa_glenda_sed,NA,V1320,removed
epa_glenda_sed,NA,V804,removed
epa_glenda_sed,NA,V1026,removed
epa_glenda_sed,NA,V126,removed
epa_nscrlft,NA,BelowDQL,NA
epa_nscrlft,reported_casrn,CAS,agree
epa_nscrlft,reported_chemical_name,Chemical,agree
epa_nscrlft,LOD,Detect.Limit,agree
epa_nscrlft,NA,DQL,NA
epa_nscrlft,NA,FileName,NA
epa_nscrlft,reported_media,Media,added
epa_nscrlft,NA,metric,ignore
epa_nscrlft,reported_num_detects,Number.of.Detects,agree
epa_nscrlft,reported_N,Number.of.Samples,agree
epa_nscrlft,NA,PulledDate,NA
epa_nscrlft,qc_flag,QA_Concerns,added
epa_nscrlft,LOQ,Quant.Limit,agree
epa_nscrlft,reported_statistic,reported_statistic,agree
epa_nscrlft,reported_result,reported_value,agree
epa_nscrlft,years,SampleYear,agree
epa_nscrlft,NA,table,NA
epa_nscrlft,reported_units,Units,agree
epa_tnsss,reported_chemical_name,Analyte,agree
epa_tnsss,reported_casrn,CAS,agree
epa_tnsss,NA,Class,NA
epa_tnsss,reported_result,Conc,agree
epa_tnsss,NA,Dilution,NA
epa_tnsss,NA,FileName,NA
epa_tnsss,NA,Flow.Group,NA
epa_tnsss,NA,Id.of.Duplicate,NA
epa_tnsss,LOD,MDL,agree
epa_tnsss,reported_analytical_method,Method,agree
epa_tnsss,nd_flag,NC.ND.Indicator,agree
epa_tnsss,reported_location,Plant.ID,changed
epa_tnsss,NA,PulledDate,NA
epa_tnsss,qc_flag,QA_Concerns,added
epa_tnsss,reported_date,Sample.Date,agree
epa_tnsss,reported_sample_id,Sample.ID,agree
epa_tnsss,NA,Sample.Location,NA
epa_tnsss,sample_year,SampleYear,added
epa_tnsss,NA,SSC.Qualifier.Flags,NA
epa_tnsss,NA,Survey.Weight,NA
epa_tnsss,reported_units,Units,agree
epa_ucmr,LOQ,MRL,agree
epa_ucmr,qc_flag,QA_Concerns,added
epa_ucmr,reported_analytical_method,MethodID,agree
epa_ucmr,reported_casrn,CAS,added
epa_ucmr,reported_chemical_name,Contaminant,agree
epa_ucmr,reported_date,CollectionDate,agree
epa_ucmr,NA,SampleDate,added
epa_ucmr,reported_location,FacilityName,agree
epa_ucmr,reported_media,Media,added
epa_ucmr,reported_result,AnalyticalResultsValue,agree
epa_ucmr,reported_units,Units,added
epa_ucmr,result_flag,AnalyticalResultsSign,agree
epa_ucmr,us_state,State,agree
epa_ucmr,NA,PWSID,NA
epa_ucmr,NA,PWSName,NA
epa_ucmr,NA,Size,NA
epa_ucmr,NA,FacilityID,NA
epa_ucmr,NA,FacilityWaterType,NA
epa_ucmr,NA,SamplePointID,NA
epa_ucmr,NA,SamplePointName,NA
epa_ucmr,NA,SamplePointType,NA
epa_ucmr,NA,AssociatedFacilityID,NA
epa_ucmr,NA,AssociatedSamplePointID,NA
epa_ucmr,NA,SampleID,NA
epa_ucmr,NA,SampleEventCode,NA
epa_ucmr,NA,MonitoringRequirement,NA
epa_ucmr,NA,Region,NA
epa_ucmr,NA,PulledDate,NA
epa_ucmr,NA,FileName,NA
fda_tds_elem,NA,Anal.Type,NA
fda_tds_elem,reported_collection_activity_id,Batch.ID,agree
fda_tds_elem,reported_result,Conc,agree
fda_tds_elem,reported_chemical_name,Element,agree
fda_tds_elem,NA,FileName,NA
fda_tds_elem,reported_media,Food.Name,agree
fda_tds_elem,NA,Food.No.,NA
fda_tds_elem,NA,Instrument,NA
fda_tds_elem,LOD,LOD,agree
fda_tds_elem,LOQ,LOQ,agree
fda_tds_elem,NA,MB,NA
fda_tds_elem,NA,Media,NA
fda_tds_elem,reported_analytical_method,Method,agree
fda_tds_elem,NA,PulledDate,NA
fda_tds_elem,qc_flag,QA_Concerns,added
fda_tds_elem,NA,Replicate.No.,NA
fda_tds_elem,result_flag,Result.Qualifier.and.Remarks,agree
fda_tds_elem,NA,Sample.Qualifier,NA
fda_tds_elem,sample_year,SampleYear,added
fda_tds_elem,NA,Trace,NA
fda_tds_elem,reported_units,Unit,agree
fda_tds_pest,qc_flag,QA_Concerns,added
fda_tds_pest,reported_analytical_method,Method,agree
fda_tds_pest,reported_chemical_name,Residue,agree
fda_tds_pest,reported_media,Food.Name,agree
fda_tds_pest,reported_result,Conc,agree
fda_tds_pest,reported_units,Unit,agree
fda_tds_pest,sample_year,SampleYear,NA
fda_tds_pest,NA,MB,NA
fda_tds_pest,NA,Food.No.,NA
fda_tds_pest,NA,Anal.Type,NA
fda_tds_pest,NA,Trace,NA
fda_tds_pest,NA,Extn,NA
fda_tds_pest,NA,Detn,NA
fda_tds_pest,NA,Media,NA
fda_tds_pest,NA,PulledDate,NA
fda_tds_pest,NA,FileName,NA
ices_biota,country,Country,agree
ices_biota,LOD,DETLI,agree
ices_biota,LOQ,LMQNT,agree
ices_biota,nd_flag,QFLAG,agree
ices_biota,qc_flag,QA_Concerns,added
ices_biota,reported_analytical_method,METOA,changed
ices_biota,reported_chemical_name,Description,changed
ices_biota,reported_date,DATE,agree
ices_biota,reported_media,Media,changed
ices_biota,reported_result,Value,agree
ices_biota,reported_sample_id,tblSampleID,agree
ices_biota,reported_species,Species,agree
ices_biota,reported_units,MUNIT,agree
ices_biota,sample_year,MYEAR,agree
ices_biota,NA,MATRX,NA
ices_biota,NA,PARAM,NA
ices_biota,NA,MPROG,NA
ices_biota,NA,PURPM,NA
ices_biota,NA,RLABO,NA
ices_biota,NA,STATN,NA
ices_biota,NA,Latitude,NA
ices_biota,NA,Longitude,NA
ices_biota,NA,SEXCO,NA
ices_biota,NA,NOINP,NA
ices_biota,NA,NODIS,NA
ices_biota,NA,PARGROUP,NA
ices_biota,NA,BASIS,NA
ices_biota,NA,VFLAG,NA
ices_biota,NA,UNCRT,NA
ices_biota,NA,METCU,NA
ices_biota,NA,ALABO,NA
ices_biota,NA,REFSK,NA
ices_biota,NA,METST,NA
ices_biota,NA,METPT,NA
ices_biota,NA,METPS,NA
ices_biota,NA,METFP,NA
ices_biota,NA,METCX,NA
ices_biota,NA,FORML,NA
ices_biota,NA,Test.Organism,NA
ices_biota,NA,SMTYP,NA
ices_biota,NA,SUBNO,NA
ices_biota,NA,BULKID,NA
ices_biota,NA,FINFL,NA
ices_biota,NA,tblAnalysisID,NA
ices_biota,NA,tblParamID,NA
ices_biota,NA,tblBioID,NA
ices_biota,NA,PulledDate,NA
ices_biota,NA,FileName,NA
ices_biota,NA,Media_class,NA
ices_sediment,country,Country,agree
ices_sediment,LOD,DETLI,agree
ices_sediment,LOQ,LMQNT,agree
ices_sediment,nd_flag,QFLAG,agree
ices_sediment,qc_flag,QA_Concerns,added
ices_sediment,reported_analytical_method,METOA,changed
ices_sediment,reported_chemical_name,Description,changed
ices_sediment,reported_date,DATE,agree
ices_sediment,reported_media,Media,changed
ices_sediment,reported_result,Value,agree
ices_sediment,reported_sample_id,tblSampleID,NA
ices_sediment,reported_units,MUNIT,agree
ices_sediment,sample_year,MYEAR,agree
ices_sediment,NA,MATRX,NA
ices_sediment,NA,PARAM,NA
ices_sediment,NA,MPROG,NA
ices_sediment,NA,PURPM,NA
ices_sediment,NA,RLABO,NA
ices_sediment,NA,STATN,NA
ices_sediment,NA,Latitude,NA
ices_sediment,NA,Longitude,NA
ices_sediment,NA,Species,NA
ices_sediment,NA,SEXCO,NA
ices_sediment,NA,NOINP,NA
ices_sediment,NA,DEPHU,NA
ices_sediment,NA,DEPHL,NA
ices_sediment,NA,NODIS,NA
ices_sediment,NA,PARGROUP,NA
ices_sediment,NA,BASIS,NA
ices_sediment,NA,VFLAG,NA
ices_sediment,NA,UNCRT,NA
ices_sediment,NA,METCU,NA
ices_sediment,NA,ALABO,NA
ices_sediment,NA,REFSK,NA
ices_sediment,NA,METST,NA
ices_sediment,NA,METPT,NA
ices_sediment,NA,METPS,NA
ices_sediment,NA,METFP,NA
ices_sediment,NA,METCX,NA
ices_sediment,NA,FORML,NA
ices_sediment,NA,Test.Organism,NA
ices_sediment,NA,SMTYP,NA
ices_sediment,NA,FINFL,NA
ices_sediment,NA,SUBNO,NA
ices_sediment,NA,BULKID,NA
ices_sediment,NA,tblAnalysisID,NA
ices_sediment,NA,tblParamID,NA
ices_sediment,NA,PulledDate,NA
ices_sediment,NA,FileName,NA
ip_chem_biota,qc_flag,QA_Concerns,added
ip_chem_biota,reported_casrn,CASNumber,agree
ip_chem_biota,reported_chemical_name,Determinand_HazSubs,agree
ip_chem_biota,reported_collection_activity_id,RecordID,agree
ip_chem_biota,reported_location,CountryCode,comment
ip_chem_biota,reported_media,Tissue,agree
ip_chem_biota,reported_reference,tcm_DataSource,added
ip_chem_biota,reported_result,Concentration,agree
ip_chem_biota,reported_sample_id,SampleID,agree
ip_chem_biota,reported_species,Species,agree
ip_chem_biota,reported_units,Unit_HazSubs,agree
ip_chem_biota,result_flag,LOD_LOQ_Flag,agree
ip_chem_biota,sample_month,Month,agree
ip_chem_biota,sample_year,Year,agree
ip_chem_biota,NA,RecordReported,NA
ip_chem_biota,NA,DataProvider,NA
ip_chem_biota,NA,WaterbaseID,NA
ip_chem_biota,NA,NationalStationID,NA
ip_chem_biota,NA,Day,NA
ip_chem_biota,NA,Species_Cat,NA
ip_chem_biota,NA,Fat,NA
ip_chem_biota,NA,Exlip,NA
ip_chem_biota,NA,Lipid,NA
ip_chem_biota,NA,DryWetRatio,NA
ip_chem_biota,NA,Basis,NA
ip_chem_biota,NA,Remarks,NA
ip_chem_biota,NA,QA_MVissues,NA
ip_chem_biota,NA,QA_LRviolations,NA
ip_chem_biota,NA,QA_outlier,NA
ip_chem_biota,NA,QA_station_issues,NA
ip_chem_biota,NA,QA_DDviolations,NA
ip_chem_biota,NA,PulledDate,NA
ip_chem_biota,NA,FileName,NA
ip_chem_lakes,LOQ,LimitOfQuantification,agree
ip_chem_lakes,qc_flag,QA_Concerns,added
ip_chem_lakes,reported_casrn,CASNumber,NA
ip_chem_lakes,reported_chemical_name,Determinand_HazSubs,NA
ip_chem_lakes,reported_collection_activity_id,RecordID,NA
ip_chem_lakes,reported_location,CountryCode,comment
ip_chem_lakes,reported_N,NumberOfSamples,NA
ip_chem_lakes,reported_num_nds,NumberOfSamplesBelowLOQ,comment
ip_chem_lakes,reported_statistic,reported_statistic,melted
ip_chem_lakes,reported_result,reported_value,melted
ip_chem_lakes,reported_units,Unit_HazSubs,NA
ip_chem_lakes,years,Year,NA
ip_chem_lakes,NA,RecordReported,NA
ip_chem_lakes,NA,WaterbaseID,NA
ip_chem_lakes,NA,NationalStationID,NA
ip_chem_lakes,NA,CEN_ISO,NA
ip_chem_lakes,NA,Minimum,NA
ip_chem_lakes,NA,Mean,NA
ip_chem_lakes,NA,Maximum,NA
ip_chem_lakes,NA,Median,NA
ip_chem_lakes,NA,StandardDeviation,NA
ip_chem_lakes,NA,SampleDepth,NA
ip_chem_lakes,NA,NoOfSubsites,NA
ip_chem_lakes,NA,MethodSubsitesSpatialAggreg,NA
ip_chem_lakes,NA,Remarks,NA
ip_chem_lakes,NA,AggregatedBy,NA
ip_chem_lakes,NA,QA_MVissues,NA
ip_chem_lakes,NA,QA_LRviolations,NA
ip_chem_lakes,NA,QA_station_issues,NA
ip_chem_lakes,NA,QA_DDviolations,NA
ip_chem_lakes,NA,PulledDate,NA
ip_chem_lakes,NA,FileName,NA
ip_chem_seawater,qc_flag,QA_Concerns,added
ip_chem_seawater,reported_casrn,CASNumber,agree
ip_chem_seawater,reported_chemical_name,Determinand_HazSubs,agree
ip_chem_seawater,reported_collection_activity_id,RecordID,agree
ip_chem_seawater,reported_location,CountryCode,comment
ip_chem_seawater,reported_reference,tcm_DataSource,added
ip_chem_seawater,reported_result,Concentration,agree
ip_chem_seawater,reported_sample_id,SampleID,agree
ip_chem_seawater,reported_units,Unit_HazSubs,agree
ip_chem_seawater,result_flag,LOD_LOQ_Flag,agree
ip_chem_seawater,sample_month,Month,agree
ip_chem_seawater,sample_year,Year,agree
ip_chem_seawater,NA,RecordReported,NA
ip_chem_seawater,NA,DataProvider,NA
ip_chem_seawater,NA,WaterbaseID,NA
ip_chem_seawater,NA,NationalStationID,NA
ip_chem_seawater,NA,Day,NA
ip_chem_seawater,NA,SampleDepth,NA
ip_chem_seawater,NA,ThermoPos,NA
ip_chem_seawater,NA,HaloPos,NA
ip_chem_seawater,NA,Salinity,NA
ip_chem_seawater,NA,Remarks,NA
ip_chem_seawater,NA,QA_MVissues,NA
ip_chem_seawater,NA,QA_LRviolations,NA
ip_chem_seawater,NA,QA_outlier,NA
ip_chem_seawater,NA,QA_station_issues,NA
ip_chem_seawater,NA,QA_DDviolations,NA
ip_chem_seawater,NA,PulledDate,NA
ip_chem_seawater,NA,FileName,NA
ip_chem_sediment,qc_flag,QA_Concerns,added
ip_chem_sediment,reported_casrn,CASNumber,agree
ip_chem_sediment,reported_chemical_name,Determinand_HazSubs,agree
ip_chem_sediment,reported_collection_activity_id,RecordID,agree
ip_chem_sediment,reported_location,CountryCode,comment
ip_chem_sediment,reported_reference,tcm_DataSource,added
ip_chem_sediment,reported_result,Concentration,agree
ip_chem_sediment,reported_sample_id,SampleID,agree
ip_chem_sediment,reported_units,Unit_HazSubs,agree
ip_chem_sediment,result_flag,LOD_LOQ_Flag,agree
ip_chem_sediment,sample_month,Month,agree
ip_chem_sediment,sample_year,Year,agree
ip_chem_sediment,NA,RecordReported,NA
ip_chem_sediment,NA,DataProvider,NA
ip_chem_sediment,NA,WaterbaseID,NA
ip_chem_sediment,NA,NationalStationID,NA
ip_chem_sediment,NA,Day,NA
ip_chem_sediment,NA,GrainType,NA
ip_chem_sediment,NA,Fraction,NA
ip_chem_sediment,NA,Sampler,NA
ip_chem_sediment,NA,BottomDepth,NA
ip_chem_sediment,NA,SedimentTop,NA
ip_chem_sediment,NA,SedimentBottom,NA
ip_chem_sediment,NA,OrganicCarbon,NA
ip_chem_sediment,NA,DryWetRatio,NA
ip_chem_sediment,NA,Basis,NA
ip_chem_sediment,NA,Remarks,NA
ip_chem_sediment,NA,QA_MVissues,NA
ip_chem_sediment,NA,QA_LRviolations,NA
ip_chem_sediment,NA,QA_outlier,NA
ip_chem_sediment,NA,QA_station_issues,NA
ip_chem_sediment,NA,QA_DDviolations,NA
ip_chem_sediment,NA,PulledDate,NA
ip_chem_sediment,NA,FileName,NA
min_biomon_water,LOD,DQL,changed
min_biomon_water,qc_flag,QA_Concerns,added
min_biomon_water,reported_casrn,CAS,added
min_biomon_water,reported_chemical_name,Chemical,changed
min_biomon_water,reported_detect_rate,FreqDet,added
min_biomon_water,reported_location,Location,changed
min_biomon_water,reported_media,Media,changed
min_biomon_water,reported_N,NumObs,added
min_biomon_water,reported_reference,PrimRef,added
min_biomon_water,reported_result,reported_statistic,melted
min_biomon_water,reported_statistic,reported_value,melted
min_biomon_water,reported_units,Units,changed
min_biomon_water,years,SampleYear,changed
min_biomon_water,NA,Media_sub,NA
min_biomon_water,NA,Min,NA
min_biomon_water,NA,Max,NA
min_biomon_water,NA,Mean,NA
min_biomon_water,NA,Median,NA
min_biomon_water,NA,SD,NA
min_biomon_water,NA,Source,NA
min_biomon_water,NA,PulledDate,NA
min_biomon_water,NA,FileName,NA
nhanes,qc_flag,QA_Concerns,added
nhanes,reported_chemical_name,Chemical,agree
nhanes,reported_media,Media,agree
nhanes,reported_N,Samplesize,agree
nhanes,reported_population,Population,agree
nhanes,reported_subpopulation,Categories,agree
nhanes,reported_units,Units,agree
nhanes,years,Surveyyears,agree
nhanes,NA,Notes,consider adding
nhanes,reported_statistic,reported_statistic,drop after melt
nhanes,reported_result,reported_result,drop after melt
nhanes,NA,PulledDate,NA
nhanes,NA,FileName,NA
nhanes,NA,StartYear,NA
nhanes,NA,EndYear,NA
nhanes,NA,CT,melt
nhanes,NA,Low,melt
nhanes,NA,High,melt
oecd,NA,10th,NA
oecd,NA,25th,NA
oecd,NA,50th,NA
oecd,NA,75th,NA
oecd,NA,90th,NA
oecd,NA,95th,NA
oecd,NA,ArithMean,NA
oecd,reported_casrn,CAS,agree
oecd,NA,Category,NA
oecd,reported_chemical_name,ChemicalName,agree
oecd,NA,DateStamp,NA
oecd,NA,DummyMax,NA
oecd,NA,DummyMean,NA
oecd,NA,DummyMin,NA
oecd,NA,FileName,NA
oecd,reported_gender,Gender,agree
oecd,NA,GeometricMean,NA
oecd,NA,ID,NA
oecd,reported_link,Link,agree
oecd,reported_location,Location,agree
oecd,NA,LocationID.x,NA
oecd,NA,LocationID.y,NA
oecd,NA,lock,NA
oecd,LOD,LOD,agree
oecd,LOQ,LOQ,agree
oecd,reported_media,Matrix,agree
oecd,NA,MatrixGroup,NA
oecd,NA,MatrixID,NA
oecd,NA,MaxConc,NA
oecd,NA,MinConc,NA
oecd,NA,Notes.x,NA
oecd,NA,Notes.y,NA
oecd,reported_nondetect_rate,PercentLessThanLODLOQ,NA
oecd,NA,programID,NA
oecd,reported_collection_activity_id,ProgramName,agree
oecd,NA,PulledDate,NA
oecd,qc_flag,QA_Concerns,added
oecd,NA,ReadOnly,NA
oecd,reported_reference,Reference,agree
oecd,NA,RelationType,NA
oecd,reported_statistic,reported_statistic,melted
oecd,reported_result,reported_value,melted
oecd,reported_N,SampleSize,agree
oecd,NA,Source,NA
oecd,NA,StudyDetailID,NA
oecd,reported_population,subpopulation,agree
oecd,NA,SubpopulationID,NA
oecd,NA,SubstanceID,NA
oecd,NA,SurveyAgeBegin,NA
oecd,NA,SurveyAgeEnd,NA
oecd,NA,SurveyYearBegin,NA
oecd,NA,SurveyYearEnd,NA
oecd,NA,unitID,NA
oecd,reported_units,Units,agree
oecd,NA,UploadRow,NA
usda_nrp,reported_chemical_name,Analyte.Name,changed
usda_nrp,NA,Authority,NA
usda_nrp,reported_date,Collect.On,changed
usda_nrp,result_flag,Conclusion,comment
usda_nrp,NA,Date.Reviewed,NA
usda_nrp,NA,FileName,NA
usda_nrp,reported_sample_id,FormID,agree
usda_nrp,NA,Project,NA
usda_nrp,reported_collection_activity_id,Project.Name,changed
usda_nrp,NA,PulledDate,NA
usda_nrp,qc_flag,QA_Concerns,added
usda_nrp,reported_result,Result,agree
usda_nrp,reported_species,Species.Name,changed
usda_nrp,reported_media,Tissue.Name,changed
usda_nrp,NA,Tolerance.Level,NA
usda_nrp,reported_units,Units,agree
usgs_air,nd_flag,ResultDetectionConditionText,added
usgs_air,qc_flag,QA_Concerns,added
usgs_air,reported_analytical_method,ResultAnalyticalMethod.MethodName,added
usgs_air,reported_chemical_name,CharacteristicName,added
usgs_air,reported_collection_activity_id,ActivityIdentifier,added
usgs_air,reported_date,ActivityStartDate,added
usgs_air,reported_media,ActivityMediaSubdivisionName,added
usgs_air,reported_reference,ProviderName,added
usgs_air,reported_result,ResultMeasureValue,added
usgs_air,reported_units,ResultMeasure.MeasureUnitCode,added
usgs_air,result_flag,MeasureQualifierCode,added
usgs_air,NA,ActivityMediaName,NA
usgs_air,NA,OrganizationIdentifier,NA
usgs_air,NA,OrganizationFormalName,NA
usgs_air,NA,ActivityTypeCode,NA
usgs_air,NA,ActivityStartTime.Time,NA
usgs_air,NA,ActivityStartTime.TimeZoneCode,NA
usgs_air,NA,ActivityEndDate,NA
usgs_air,NA,ActivityEndTime.Time,NA
usgs_air,NA,ActivityEndTime.TimeZoneCode,NA
usgs_air,NA,ActivityDepthHeightMeasure.MeasureValue,NA
usgs_air,NA,ActivityDepthHeightMeasure.MeasureUnitCode,NA
usgs_air,NA,ActivityDepthAltitudeReferencePointText,NA
usgs_air,NA,ActivityTopDepthHeightMeasure.MeasureValue,NA
usgs_air,NA,ActivityTopDepthHeightMeasure.MeasureUnitCode,NA
usgs_air,NA,ActivityBottomDepthHeightMeasure.MeasureValue,NA
usgs_air,NA,ActivityBottomDepthHeightMeasure.MeasureUnitCode,NA
usgs_air,NA,ProjectIdentifier,NA
usgs_air,NA,ActivityConductingOrganizationText,NA
usgs_air,NA,MonitoringLocationIdentifier,NA
usgs_air,NA,ActivityCommentText,NA
usgs_air,NA,SampleAquifer,NA
usgs_air,NA,HydrologicCondition,NA
usgs_air,NA,HydrologicEvent,NA
usgs_air,NA,SampleCollectionMethod.MethodIdentifier,NA
usgs_air,NA,SampleCollectionMethod.MethodIdentifierContext,NA
usgs_air,NA,SampleCollectionMethod.MethodName,NA
usgs_air,NA,SampleCollectionEquipmentName,NA
usgs_air,NA,ResultSampleFractionText,consider adding
usgs_air,NA,ResultStatusIdentifier,NA
usgs_air,NA,StatisticalBaseCode,NA
usgs_air,NA,ResultValueTypeName,NA
usgs_air,NA,ResultWeightBasisText,NA
usgs_air,NA,ResultTimeBasisText,NA
usgs_air,NA,ResultTemperatureBasisText,NA
usgs_air,NA,ResultParticleSizeBasisText,NA
usgs_air,NA,PrecisionValue,NA
usgs_air,NA,ResultCommentText,NA
usgs_air,NA,USGSPCode,NA
usgs_air,NA,ResultDepthHeightMeasure.MeasureValue,NA
usgs_air,NA,ResultDepthHeightMeasure.MeasureUnitCode,NA
usgs_air,NA,ResultDepthAltitudeReferencePointText,NA
usgs_air,NA,SubjectTaxonomicName,NA
usgs_air,NA,SampleTissueAnatomyName,NA
usgs_air,NA,ResultAnalyticalMethod.MethodIdentifier,NA
usgs_air,NA,ResultAnalyticalMethod.MethodIdentifierContext,NA
usgs_air,NA,MethodDescriptionText,NA
usgs_air,NA,LaboratoryName,NA
usgs_air,NA,AnalysisStartDate,NA
usgs_air,NA,ResultLaboratoryCommentText,NA
usgs_air,NA,DetectionQuantitationLimitTypeName,use to generate limits
usgs_air,NA,DetectionQuantitationLimitMeasure.MeasureValue,use to generate limits
usgs_air,NA,DetectionQuantitationLimitMeasure.MeasureUnitCode,use to generate limits
usgs_air,NA,PreparationStartDate,NA
usgs_air,NA,PulledDate,NA
usgs_air,NA,FileName,NA
usgs_air,NA,Media,NA
usgs_air,NA,SampleYear,NA
usgs_groundwater,nd_flag,ResultDetectionConditionText,added
usgs_groundwater,qc_flag,QA_Concerns,added
usgs_groundwater,reported_analytical_method,ResultAnalyticalMethod.MethodName,added
usgs_groundwater,reported_chemical_name,CharacteristicName,added
usgs_groundwater,reported_collection_activity_id,ActivityIdentifier,added
usgs_groundwater,reported_date,ActivityStartDate,added
usgs_groundwater,reported_media,ActivityMediaName,added
usgs_groundwater,reported_reference,ProviderName,added
usgs_groundwater,reported_result,ResultMeasureValue,added
usgs_groundwater,reported_units,ResultMeasure.MeasureUnitCode,added
usgs_groundwater,result_flag,MeasureQualifierCode,added
usgs_groundwater,NA,ActivityMediaSubdivisionName,NA
usgs_groundwater,NA,OrganizationIdentifier,NA
usgs_groundwater,NA,OrganizationFormalName,NA
usgs_groundwater,NA,ActivityTypeCode,NA
usgs_groundwater,NA,ActivityStartTime.Time,NA
usgs_groundwater,NA,ActivityStartTime.TimeZoneCode,NA
usgs_groundwater,NA,ActivityEndDate,NA
usgs_groundwater,NA,ActivityEndTime.Time,NA
usgs_groundwater,NA,ActivityEndTime.TimeZoneCode,NA
usgs_groundwater,NA,ActivityDepthHeightMeasure.MeasureValue,NA
usgs_groundwater,NA,ActivityDepthHeightMeasure.MeasureUnitCode,NA
usgs_groundwater,NA,ActivityDepthAltitudeReferencePointText,NA
usgs_groundwater,NA,ActivityTopDepthHeightMeasure.MeasureValue,NA
usgs_groundwater,NA,ActivityTopDepthHeightMeasure.MeasureUnitCode,NA
usgs_groundwater,NA,ActivityBottomDepthHeightMeasure.MeasureValue,NA
usgs_groundwater,NA,ActivityBottomDepthHeightMeasure.MeasureUnitCode,NA
usgs_groundwater,NA,ProjectIdentifier,NA
usgs_groundwater,NA,ActivityConductingOrganizationText,NA
usgs_groundwater,NA,MonitoringLocationIdentifier,NA
usgs_groundwater,NA,ActivityCommentText,NA
usgs_groundwater,NA,SampleAquifer,NA
usgs_groundwater,NA,HydrologicCondition,NA
usgs_groundwater,NA,HydrologicEvent,NA
usgs_groundwater,NA,SampleCollectionMethod.MethodIdentifier,NA
usgs_groundwater,NA,SampleCollectionMethod.MethodIdentifierContext,NA
usgs_groundwater,NA,SampleCollectionMethod.MethodName,NA
usgs_groundwater,NA,SampleCollectionEquipmentName,NA
usgs_groundwater,NA,ResultSampleFractionText,consider adding
usgs_groundwater,NA,ResultStatusIdentifier,NA
usgs_groundwater,NA,StatisticalBaseCode,NA
usgs_groundwater,NA,ResultValueTypeName,NA
usgs_groundwater,NA,ResultWeightBasisText,NA
usgs_groundwater,NA,ResultTimeBasisText,NA
usgs_groundwater,NA,ResultTemperatureBasisText,NA
usgs_groundwater,NA,ResultParticleSizeBasisText,NA
usgs_groundwater,NA,PrecisionValue,NA
usgs_groundwater,NA,ResultCommentText,NA
usgs_groundwater,NA,USGSPCode,NA
usgs_groundwater,NA,ResultDepthHeightMeasure.MeasureValue,NA
usgs_groundwater,NA,ResultDepthHeightMeasure.MeasureUnitCode,NA
usgs_groundwater,NA,ResultDepthAltitudeReferencePointText,NA
usgs_groundwater,NA,SubjectTaxonomicName,NA
usgs_groundwater,NA,SampleTissueAnatomyName,NA
usgs_groundwater,NA,ResultAnalyticalMethod.MethodIdentifier,NA
usgs_groundwater,NA,ResultAnalyticalMethod.MethodIdentifierContext,NA
usgs_groundwater,NA,MethodDescriptionText,NA
usgs_groundwater,NA,LaboratoryName,NA
usgs_groundwater,NA,AnalysisStartDate,NA
usgs_groundwater,NA,ResultLaboratoryCommentText,NA
usgs_groundwater,NA,DetectionQuantitationLimitTypeName,use to generate limits
usgs_groundwater,NA,DetectionQuantitationLimitMeasure.MeasureValue,use to generate limits
usgs_groundwater,NA,DetectionQuantitationLimitMeasure.MeasureUnitCode,use to generate limits
usgs_groundwater,NA,PreparationStartDate,NA
usgs_groundwater,NA,PulledDate,NA
usgs_groundwater,NA,FileName,NA
usgs_groundwater,NA,Media,NA
usgs_groundwater,NA,SampleYear,NA
usgs_soil_sed,nd_flag,ResultDetectionConditionText,added
usgs_soil_sed,qc_flag,QA_Concerns,added
usgs_soil_sed,reported_analytical_method,ResultAnalyticalMethod.MethodName,added
usgs_soil_sed,reported_chemical_name,CharacteristicName,added
usgs_soil_sed,reported_collection_activity_id,ActivityIdentifier,added
usgs_soil_sed,reported_date,ActivityStartDate,added
usgs_soil_sed,reported_media,ActivityMediaSubdivisionName,added
usgs_soil_sed,reported_reference,ProviderName,added
usgs_soil_sed,reported_result,ResultMeasureValue,added
usgs_soil_sed,reported_units,ResultMeasure.MeasureUnitCode,added
usgs_soil_sed,result_flag,MeasureQualifierCode,added
usgs_soil_sed,NA,ActivityMediaName,NA
usgs_soil_sed,NA,OrganizationIdentifier,NA
usgs_soil_sed,NA,OrganizationFormalName,NA
usgs_soil_sed,NA,ActivityTypeCode,NA
usgs_soil_sed,NA,ActivityStartTime.Time,NA
usgs_soil_sed,NA,ActivityStartTime.TimeZoneCode,NA
usgs_soil_sed,NA,ActivityEndDate,NA
usgs_soil_sed,NA,ActivityEndTime.Time,NA
usgs_soil_sed,NA,ActivityEndTime.TimeZoneCode,NA
usgs_soil_sed,NA,ActivityDepthHeightMeasure.MeasureValue,NA
usgs_soil_sed,NA,ActivityDepthHeightMeasure.MeasureUnitCode,NA
usgs_soil_sed,NA,ActivityDepthAltitudeReferencePointText,NA
usgs_soil_sed,NA,ActivityTopDepthHeightMeasure.MeasureValue,NA
usgs_soil_sed,NA,ActivityTopDepthHeightMeasure.MeasureUnitCode,NA
usgs_soil_sed,NA,ActivityBottomDepthHeightMeasure.MeasureValue,NA
usgs_soil_sed,NA,ActivityBottomDepthHeightMeasure.MeasureUnitCode,NA
usgs_soil_sed,NA,ProjectIdentifier,NA
usgs_soil_sed,NA,ActivityConductingOrganizationText,NA
usgs_soil_sed,NA,MonitoringLocationIdentifier,NA
usgs_soil_sed,NA,ActivityCommentText,NA
usgs_soil_sed,NA,SampleAquifer,NA
usgs_soil_sed,NA,HydrologicCondition,NA
usgs_soil_sed,NA,HydrologicEvent,NA
usgs_soil_sed,NA,SampleCollectionMethod.MethodIdentifier,NA
usgs_soil_sed,NA,SampleCollectionMethod.MethodIdentifierContext,NA
usgs_soil_sed,NA,SampleCollectionMethod.MethodName,NA
usgs_soil_sed,NA,SampleCollectionEquipmentName,NA
usgs_soil_sed,NA,ResultSampleFractionText,consider adding
usgs_soil_sed,NA,ResultStatusIdentifier,NA
usgs_soil_sed,NA,StatisticalBaseCode,NA
usgs_soil_sed,NA,ResultValueTypeName,NA
usgs_soil_sed,NA,ResultWeightBasisText,NA
usgs_soil_sed,NA,ResultTimeBasisText,NA
usgs_soil_sed,NA,ResultTemperatureBasisText,NA
usgs_soil_sed,NA,ResultParticleSizeBasisText,NA
usgs_soil_sed,NA,PrecisionValue,NA
usgs_soil_sed,NA,ResultCommentText,NA
usgs_soil_sed,NA,USGSPCode,NA
usgs_soil_sed,NA,ResultDepthHeightMeasure.MeasureValue,NA
usgs_soil_sed,NA,ResultDepthHeightMeasure.MeasureUnitCode,NA
usgs_soil_sed,NA,ResultDepthAltitudeReferencePointText,NA
usgs_soil_sed,NA,SubjectTaxonomicName,NA
usgs_soil_sed,NA,SampleTissueAnatomyName,NA
usgs_soil_sed,NA,ResultAnalyticalMethod.MethodIdentifier,NA
usgs_soil_sed,NA,ResultAnalyticalMethod.MethodIdentifierContext,NA
usgs_soil_sed,NA,MethodDescriptionText,NA
usgs_soil_sed,NA,LaboratoryName,NA
usgs_soil_sed,NA,AnalysisStartDate,NA
usgs_soil_sed,NA,ResultLaboratoryCommentText,NA
usgs_soil_sed,NA,DetectionQuantitationLimitTypeName,use to generate limits
usgs_soil_sed,NA,DetectionQuantitationLimitMeasure.MeasureValue,use to generate limits
usgs_soil_sed,NA,DetectionQuantitationLimitMeasure.MeasureUnitCode,use to generate limits
usgs_soil_sed,NA,PreparationStartDate,NA
usgs_soil_sed,NA,PulledDate,NA
usgs_soil_sed,NA,FileName,NA
usgs_soil_sed,NA,Media,NA
usgs_soil_sed,NA,SampleYear,NA
usgs_surfacewater,nd_flag,ResultDetectionConditionText,added
usgs_surfacewater,qc_flag,QA_Concerns,added
usgs_surfacewater,reported_analytical_method,ResultAnalyticalMethod.MethodName,added
usgs_surfacewater,reported_chemical_name,CharacteristicName,added
usgs_surfacewater,reported_collection_activity_id,ActivityIdentifier,added
usgs_surfacewater,reported_date,ActivityStartDate,added
usgs_surfacewater,reported_media,ActivityMediaSubdivisionName,added
usgs_surfacewater,reported_reference,ProviderName,added
usgs_surfacewater,reported_result,ResultMeasureValue,added
usgs_surfacewater,reported_units,ResultMeasure.MeasureUnitCode,added
usgs_surfacewater,result_flag,MeasureQualifierCode,added
usgs_surfacewater,NA,ActivityMediaName,NA
usgs_surfacewater,NA,OrganizationIdentifier,NA
usgs_surfacewater,NA,OrganizationFormalName,NA
usgs_surfacewater,NA,ActivityTypeCode,NA
usgs_surfacewater,NA,ActivityStartTime.Time,NA
usgs_surfacewater,NA,ActivityStartTime.TimeZoneCode,NA
usgs_surfacewater,NA,ActivityEndDate,NA
usgs_surfacewater,NA,ActivityEndTime.Time,NA
usgs_surfacewater,NA,ActivityEndTime.TimeZoneCode,NA
usgs_surfacewater,NA,ActivityDepthHeightMeasure.MeasureValue,NA
usgs_surfacewater,NA,ActivityDepthHeightMeasure.MeasureUnitCode,NA
usgs_surfacewater,NA,ActivityDepthAltitudeReferencePointText,NA
usgs_surfacewater,NA,ActivityTopDepthHeightMeasure.MeasureValue,NA
usgs_surfacewater,NA,ActivityTopDepthHeightMeasure.MeasureUnitCode,NA
usgs_surfacewater,NA,ActivityBottomDepthHeightMeasure.MeasureValue,NA
usgs_surfacewater,NA,ActivityBottomDepthHeightMeasure.MeasureUnitCode,NA
usgs_surfacewater,NA,ProjectIdentifier,NA
usgs_surfacewater,NA,ActivityConductingOrganizationText,NA
usgs_surfacewater,NA,MonitoringLocationIdentifier,NA
usgs_surfacewater,NA,ActivityCommentText,NA
usgs_surfacewater,NA,SampleAquifer,NA
usgs_surfacewater,NA,HydrologicCondition,NA
usgs_surfacewater,NA,HydrologicEvent,NA
usgs_surfacewater,NA,SampleCollectionMethod.MethodIdentifier,NA
usgs_surfacewater,NA,SampleCollectionMethod.MethodIdentifierContext,NA
usgs_surfacewater,NA,SampleCollectionMethod.MethodName,NA
usgs_surfacewater,NA,SampleCollectionEquipmentName,NA
usgs_surfacewater,NA,ResultSampleFractionText,consider adding
usgs_surfacewater,NA,ResultStatusIdentifier,NA
usgs_surfacewater,NA,StatisticalBaseCode,NA
usgs_surfacewater,NA,ResultValueTypeName,NA
usgs_surfacewater,NA,ResultWeightBasisText,consider adding
usgs_surfacewater,NA,ResultTimeBasisText,NA
usgs_surfacewater,NA,ResultTemperatureBasisText,NA
usgs_surfacewater,NA,ResultParticleSizeBasisText,NA
usgs_surfacewater,NA,PrecisionValue,NA
usgs_surfacewater,NA,ResultCommentText,NA
usgs_surfacewater,NA,USGSPCode,NA
usgs_surfacewater,NA,ResultDepthHeightMeasure.MeasureValue,NA
usgs_surfacewater,NA,ResultDepthHeightMeasure.MeasureUnitCode,NA
usgs_surfacewater,NA,ResultDepthAltitudeReferencePointText,NA
usgs_surfacewater,NA,SubjectTaxonomicName,NA
usgs_surfacewater,NA,SampleTissueAnatomyName,NA
usgs_surfacewater,NA,ResultAnalyticalMethod.MethodIdentifier,NA
usgs_surfacewater,NA,ResultAnalyticalMethod.MethodIdentifierContext,NA
usgs_surfacewater,NA,MethodDescriptionText,NA
usgs_surfacewater,NA,LaboratoryName,NA
usgs_surfacewater,NA,AnalysisStartDate,NA
usgs_surfacewater,NA,ResultLaboratoryCommentText,NA
usgs_surfacewater,NA,DetectionQuantitationLimitTypeName,use to generate limits
usgs_surfacewater,NA,DetectionQuantitationLimitMeasure.MeasureValue,use to generate limits
usgs_surfacewater,NA,DetectionQuantitationLimitMeasure.MeasureUnitCode,use to generate limits
usgs_surfacewater,NA,PreparationStartDate,NA
usgs_surfacewater,NA,Media,ignore
usgs_surfacewater,NA,PulledDate,NA
usgs_surfacewater,NA,FileName,NA
usgs_surfacewater,NA,SampleYear,NA
usgs_surfacewater,NA,ResultIdentifier,NA
usgs_surfacewater,NA,DetectionQuantitationLimitMeasure.MeasureValue,NA
usgs_surfacewater,NA,DataLoggerLine,NA
usgs_surfacewater,NA,MethodSpecificationName,NA
usgs_surfacewater,NA,DataQuality.BiasValue,NA
usgs_surfacewater,NA,ConfidenceIntervalValue,NA
usgs_surfacewater,NA,UpperConfidenceLimitValue,NA
usgs_surfacewater,NA,LowerConfidenceLimitValue,NA
usgs_surfacewater,NA,ResultSamplingPointName,NA
usgs_surfacewater,NA,BiologicalIntentName,NA
usgs_surfacewater,NA,BiologicalIndividualIdentifier,NA
usgs_surfacewater,NA,UnidentifiedSpeciesIdentifier,NA
usgs_surfacewater,NA,GroupSummaryCountWeight.MeasureValue,NA
usgs_surfacewater,NA,GroupSummaryCountWeight.MeasureUnitCode,NA
usgs_surfacewater,NA,CellFormName,NA
usgs_surfacewater,NA,CellShapeName,NA
usgs_surfacewater,NA,HabitName,NA
usgs_surfacewater,NA,VoltismName,NA
usgs_surfacewater,NA,TaxonomicPollutionTolerance,NA
usgs_surfacewater,NA,TaxonomicPollutionToleranceScaleText,NA
usgs_surfacewater,NA,TrophicLevelName,NA
usgs_surfacewater,NA,FunctionalFeedingGroupName,NA
usgs_surfacewater,NA,TaxonomicDetailsCitation.ResourceTitleName,NA
usgs_surfacewater,NA,TaxonomicDetailsCitation.ResourceCreatorName,NA
usgs_surfacewater,NA,TaxonomicDetailsCitation.ResourceSubjectText,NA
usgs_surfacewater,NA,TaxonomicDetailsCitation.ResourcePublisherName,NA
usgs_surfacewater,NA,TaxonomicDetailsCitation.ResourceDate,NA
usgs_surfacewater,NA,TaxonomicDetailsCitation.ResourceIdentifier,NA
usgs_surfacewater,NA,FrequencyClassInformationUrl,NA
usgs_surfacewater,NA,ResultAnalyticalMethod.MethodUrl,NA
usgs_surfacewater,NA,ResultAnalyticalMethod.MethodQualifierTypeName,NA
usgs_surfacewater,NA,AnalysisStartTime.Time,NA
usgs_surfacewater,NA,AnalysisStartTime.TimeZoneCode,NA
usgs_surfacewater,NA,AnalysisEndDate,NA
usgs_surfacewater,NA,AnalysisEndTime.Time,NA
usgs_surfacewater,NA,AnalysisEndTime.TimeZoneCode,NA
usgs_surfacewater,NA,ResultLaboratoryCommentCode,NA
usgs_surfacewater,NA,ResultDetectionQuantitationLimitUrl,NA
usgs_surfacewater,NA,LaboratoryAccreditationIndicator,NA
usgs_surfacewater,NA,LaboratoryAccreditationAuthorityName,NA
usgs_surfacewater,NA,TaxonomistAccreditationIndicator,NA
usgs_surfacewater,NA,TaxonomistAccreditationAuthorityName,NA
usgs_surfacewater,NA,LabSamplePreparationUrl,NA
usgs_surfacewater,NA,Media,NA
usgs_tissue,nd_flag,ResultDetectionConditionText,agree
usgs_tissue,qc_flag,QA_Concerns,added
usgs_tissue,reported_analytical_method,ResultAnalyticalMethod.MethodName,added
usgs_tissue,reported_chemical_name,CharacteristicName,agree
usgs_tissue,reported_collection_activity_id,ActivityIdentifier,agree
usgs_tissue,reported_date,ActivityStartDate,agree
usgs_tissue,reported_media,SampleTissueAnatomyName,agree
usgs_tissue,reported_reference,ProviderName,agree
usgs_tissue,reported_result,ResultMeasureValue,agree
usgs_tissue,reported_species,SubjectTaxonomicName,agree
usgs_tissue,reported_units,ResultMeasure.MeasureUnitCode,added
usgs_tissue,NA,OrganizationIdentifier,NA
usgs_tissue,NA,OrganizationFormalName,NA
usgs_tissue,NA,ActivityTypeCode,NA
usgs_tissue,NA,ActivityMediaName,NA
usgs_tissue,NA,ActivityMediaSubdivisionName,NA
usgs_tissue,NA,ActivityStartTime.Time,NA
usgs_tissue,NA,ActivityStartTime.TimeZoneCode,NA
usgs_tissue,NA,ActivityEndDate,NA
usgs_tissue,NA,ActivityEndTime.Time,NA
usgs_tissue,NA,ActivityEndTime.TimeZoneCode,NA
usgs_tissue,NA,ActivityDepthHeightMeasure.MeasureValue,NA
usgs_tissue,NA,ActivityDepthHeightMeasure.MeasureUnitCode,NA
usgs_tissue,NA,ActivityDepthAltitudeReferencePointText,NA
usgs_tissue,NA,ActivityTopDepthHeightMeasure.MeasureValue,NA
usgs_tissue,NA,ActivityTopDepthHeightMeasure.MeasureUnitCode,NA
usgs_tissue,NA,ActivityBottomDepthHeightMeasure.MeasureValue,NA
usgs_tissue,NA,ActivityBottomDepthHeightMeasure.MeasureUnitCode,NA
usgs_tissue,NA,ProjectIdentifier,NA
usgs_tissue,NA,ActivityConductingOrganizationText,NA
usgs_tissue,NA,MonitoringLocationIdentifier,NA
usgs_tissue,NA,ActivityCommentText,NA
usgs_tissue,NA,SampleAquifer,NA
usgs_tissue,NA,HydrologicCondition,NA
usgs_tissue,NA,HydrologicEvent,NA
usgs_tissue,NA,SampleCollectionMethod.MethodIdentifier,NA
usgs_tissue,NA,SampleCollectionMethod.MethodIdentifierContext,NA
usgs_tissue,NA,SampleCollectionMethod.MethodName,NA
usgs_tissue,NA,SampleCollectionEquipmentName,NA
usgs_tissue,NA,ResultSampleFractionText,consider adding
usgs_tissue,NA,MeasureQualifierCode,NA
usgs_tissue,NA,ResultStatusIdentifier,NA
usgs_tissue,NA,StatisticalBaseCode,NA
usgs_tissue,NA,ResultValueTypeName,NA
usgs_tissue,NA,ResultWeightBasisText,consider adding
usgs_tissue,NA,ResultTimeBasisText,NA
usgs_tissue,NA,ResultTemperatureBasisText,NA
usgs_tissue,NA,ResultParticleSizeBasisText,NA
usgs_tissue,NA,PrecisionValue,NA
usgs_tissue,NA,ResultCommentText,NA
usgs_tissue,NA,USGSPCode,NA
usgs_tissue,NA,ResultDepthHeightMeasure.MeasureValue,NA
usgs_tissue,NA,ResultDepthHeightMeasure.MeasureUnitCode,NA
usgs_tissue,NA,ResultDepthAltitudeReferencePointText,NA
usgs_tissue,NA,ResultAnalyticalMethod.MethodIdentifier,NA
usgs_tissue,NA,ResultAnalyticalMethod.MethodIdentifierContext,NA
usgs_tissue,NA,MethodDescriptionText,NA
usgs_tissue,NA,LaboratoryName,NA
usgs_tissue,NA,AnalysisStartDate,NA
usgs_tissue,NA,ResultLaboratoryCommentText,NA
usgs_tissue,NA,DetectionQuantitationLimitTypeName,use to generate limits
usgs_tissue,NA,DetectionQuantitationLimitMeasure.MeasureValue,use to generate limits
usgs_tissue,NA,DetectionQuantitationLimitMeasure.MeasureUnitCode,use to generate limits
usgs_tissue,NA,PreparationStartDate,NA
usgs_tissue,NA,PulledDate,NA
usgs_tissue,NA,FileName,NA
usgs_tissue,NA,Media,NA
usgs_tissue,NA,SampleYear,NA
usgs_update_air,nd_flag,ResultDetectionConditionText,added
usgs_update_air,qc_flag,QA_Concerns,added
usgs_update_air,reported_analytical_method,ResultAnalyticalMethod.MethodName,added
usgs_update_air,reported_chemical_name,CharacteristicName,added
usgs_update_air,reported_collection_activity_id,ActivityIdentifier,added
usgs_update_air,reported_date,ActivityStartDate,added
usgs_update_air,reported_media,ActivityMediaSubdivisionName,added
usgs_update_air,reported_reference,ProviderName,added
usgs_update_air,reported_result,ResultMeasureValue,added
usgs_update_air,reported_units,ResultMeasure.MeasureUnitCode,added
usgs_update_air,result_flag,MeasureQualifierCode,added
usgs_update_air,NA,ActivityMediaName,NA
usgs_update_air,NA,OrganizationIdentifier,NA
usgs_update_air,NA,OrganizationFormalName,NA
usgs_update_air,NA,ActivityStartTime.Time,NA
usgs_update_air,NA,ActivityStartTime.TimeZoneCode,NA
usgs_update_air,NA,MonitoringLocationIdentifier,NA
usgs_update_air,NA,ResultIdentifier,NA
usgs_update_air,NA,DetectionQuantitationLimitMeasure.MeasureValue,NA
usgs_update_air,NA,DataLoggerLine,NA
usgs_update_air,NA,MethodSpecificationName,NA
usgs_update_air,NA,ResultSampleFractionText,consider adding
usgs_update_air,NA,ResultStatusIdentifier,NA
usgs_update_air,NA,StatisticalBaseCode,NA
usgs_update_air,NA,ResultValueTypeName,NA
usgs_update_air,NA,ResultWeightBasisText,NA
usgs_update_air,NA,ResultTimeBasisText,NA
usgs_update_air,NA,ResultTemperatureBasisText,NA
usgs_update_air,NA,ResultParticleSizeBasisText,NA
usgs_update_air,NA,PrecisionValue,NA
usgs_update_air,NA,DataQuality.BiasValue,NA
usgs_update_air,NA,ConfidenceIntervalValue,NA
usgs_update_air,NA,UpperConfidenceLimitValue,NA
usgs_update_air,NA,LowerConfidenceLimitValue,NA
usgs_update_air,NA,ResultCommentText,NA
usgs_update_air,NA,USGSPCode,NA
usgs_update_air,NA,ResultDepthHeightMeasure.MeasureValue,NA
usgs_update_air,NA,ResultDepthHeightMeasure.MeasureUnitCode,NA
usgs_update_air,NA,ResultDepthAltitudeReferencePointText,NA
usgs_update_air,NA,ResultSamplingPointName,NA
usgs_update_air,NA,BiologicalIntentName,NA
usgs_update_air,NA,BiologicalIndividualIdentifier,NA
usgs_update_air,NA,SubjectTaxonomicName,NA
usgs_update_air,NA,UnidentifiedSpeciesIdentifier,NA
usgs_update_air,NA,SampleTissueAnatomyName,NA
usgs_update_air,NA,GroupSummaryCountWeight.MeasureValue,NA
usgs_update_air,NA,GroupSummaryCountWeight.MeasureUnitCode,NA
usgs_update_air,NA,CellFormName,NA
usgs_update_air,NA,CellShapeName,NA
usgs_update_air,NA,HabitName,NA
usgs_update_air,NA,VoltismName,NA
usgs_update_air,NA,TaxonomicPollutionTolerance,NA
usgs_update_air,NA,TaxonomicPollutionToleranceScaleText,NA
usgs_update_air,NA,TrophicLevelName,NA
usgs_update_air,NA,FunctionalFeedingGroupName,NA
usgs_update_air,NA,TaxonomicDetailsCitation.ResourceTitleName,NA
usgs_update_air,NA,TaxonomicDetailsCitation.ResourceCreatorName,NA
usgs_update_air,NA,TaxonomicDetailsCitation.ResourceSubjectText,NA
usgs_update_air,NA,TaxonomicDetailsCitation.ResourcePublisherName,NA
usgs_update_air,NA,TaxonomicDetailsCitation.ResourceDate,NA
usgs_update_air,NA,TaxonomicDetailsCitation.ResourceIdentifier,NA
usgs_update_air,NA,FrequencyClassInformationUrl,NA
usgs_update_air,NA,ResultAnalyticalMethod.MethodIdentifier,NA
usgs_update_air,NA,ResultAnalyticalMethod.MethodIdentifierContext,NA
usgs_update_air,NA,ResultAnalyticalMethod.MethodUrl,NA
usgs_update_air,NA,ResultAnalyticalMethod.MethodQualifierTypeName,NA
usgs_update_air,NA,MethodDescriptionText,NA
usgs_update_air,NA,LaboratoryName,NA
usgs_update_air,NA,AnalysisStartDate,NA
usgs_update_air,NA,AnalysisStartTime.Time,NA
usgs_update_air,NA,AnalysisStartTime.TimeZoneCode,NA
usgs_update_air,NA,AnalysisEndDate,NA
usgs_update_air,NA,AnalysisEndTime.Time,NA
usgs_update_air,NA,AnalysisEndTime.TimeZoneCode,NA
usgs_update_air,NA,ResultLaboratoryCommentCode,NA
usgs_update_air,NA,ResultLaboratoryCommentText,NA
usgs_update_air,NA,ResultDetectionQuantitationLimitUrl,NA
usgs_update_air,NA,LaboratoryAccreditationIndicator,NA
usgs_update_air,NA,LaboratoryAccreditationAuthorityName,NA
usgs_update_air,NA,TaxonomistAccreditationIndicator,NA
usgs_update_air,NA,TaxonomistAccreditationAuthorityName,NA
usgs_update_air,NA,LabSamplePreparationUrl,NA
usgs_update_air,NA,PulledDate,NA
usgs_update_air,NA,FileName,NA
usgs_update_air,NA,Media,NA
usgs_update_air,NA,SampleYear,NA
usgs_groundwater,LOQ,DetectionQuantitationLimitMeasure.MeasureValue,added
usgs_groundwater,nd_flag,ResultDetectionConditionText,added
usgs_groundwater,qc_flag,QA_Concerns,added
usgs_groundwater,reported_analytical_method,ResultAnalyticalMethod.MethodName,added
usgs_groundwater,reported_chemical_name,CharacteristicName,added
usgs_groundwater,reported_collection_activity_id,ActivityIdentifier,added
usgs_groundwater,reported_media,ActivityMediaSubdivisionName,added
usgs_groundwater,reported_reference,ProviderName,added
usgs_groundwater,reported_result,ResultMeasureValue,added
usgs_groundwater,reported_units,ResultMeasure.MeasureUnitCode,added
usgs_groundwater,result_flag,MeasureQualifierCode,added
usgs_groundwater,NA,OrganizationIdentifier,NA
usgs_groundwater,NA,OrganizationFormalName,NA
usgs_groundwater,NA,ActivityStartDate,NA
usgs_groundwater,NA,ActivityStartTime.Time,NA
usgs_groundwater,NA,ActivityStartTime.TimeZoneCode,NA
usgs_groundwater,NA,MonitoringLocationIdentifier,NA
usgs_groundwater,NA,ResultIdentifier,NA
usgs_groundwater,NA,ActivityMediaName,NA
usgs_groundwater,NA,DataLoggerLine,NA
usgs_groundwater,NA,MethodSpecificationName,NA
usgs_groundwater,NA,ResultSampleFractionText,consider adding
usgs_groundwater,NA,ResultStatusIdentifier,NA
usgs_groundwater,NA,StatisticalBaseCode,NA
usgs_groundwater,NA,ResultValueTypeName,NA
usgs_groundwater,NA,ResultWeightBasisText,NA
usgs_groundwater,NA,ResultTimeBasisText,NA
usgs_groundwater,NA,ResultTemperatureBasisText,NA
usgs_groundwater,NA,ResultParticleSizeBasisText,NA
usgs_groundwater,NA,PrecisionValue,NA
usgs_groundwater,NA,DataQuality.BiasValue,NA
usgs_groundwater,NA,ConfidenceIntervalValue,NA
usgs_groundwater,NA,UpperConfidenceLimitValue,NA
usgs_groundwater,NA,LowerConfidenceLimitValue,NA
usgs_groundwater,NA,ResultCommentText,NA
usgs_groundwater,NA,USGSPCode,NA
usgs_groundwater,NA,ResultDepthHeightMeasure.MeasureValue,NA
usgs_groundwater,NA,ResultDepthHeightMeasure.MeasureUnitCode,NA
usgs_groundwater,NA,ResultDepthAltitudeReferencePointText,NA
usgs_groundwater,NA,ResultSamplingPointName,NA
usgs_groundwater,NA,BiologicalIntentName,NA
usgs_groundwater,NA,BiologicalIndividualIdentifier,NA
usgs_groundwater,NA,SubjectTaxonomicName,NA
usgs_groundwater,NA,UnidentifiedSpeciesIdentifier,NA
usgs_groundwater,NA,SampleTissueAnatomyName,NA
usgs_groundwater,NA,GroupSummaryCountWeight.MeasureValue,NA
usgs_groundwater,NA,GroupSummaryCountWeight.MeasureUnitCode,NA
usgs_groundwater,NA,CellFormName,NA
usgs_groundwater,NA,CellShapeName,NA
usgs_groundwater,NA,HabitName,NA
usgs_groundwater,NA,VoltismName,NA
usgs_groundwater,NA,TaxonomicPollutionTolerance,NA
usgs_groundwater,NA,TaxonomicPollutionToleranceScaleText,NA
usgs_groundwater,NA,TrophicLevelName,NA
usgs_groundwater,NA,FunctionalFeedingGroupName,NA
usgs_groundwater,NA,TaxonomicDetailsCitation.ResourceTitleName,NA
usgs_groundwater,NA,TaxonomicDetailsCitation.ResourceCreatorName,NA
usgs_groundwater,NA,TaxonomicDetailsCitation.ResourceSubjectText,NA
usgs_groundwater,NA,TaxonomicDetailsCitation.ResourcePublisherName,NA
usgs_groundwater,NA,TaxonomicDetailsCitation.ResourceDate,NA
usgs_groundwater,NA,TaxonomicDetailsCitation.ResourceIdentifier,NA
usgs_groundwater,NA,FrequencyClassInformationUrl,NA
usgs_groundwater,NA,ResultAnalyticalMethod.MethodIdentifier,NA
usgs_groundwater,NA,ResultAnalyticalMethod.MethodIdentifierContext,NA
usgs_groundwater,NA,ResultAnalyticalMethod.MethodUrl,NA
usgs_groundwater,NA,ResultAnalyticalMethod.MethodQualifierTypeName,NA
usgs_groundwater,NA,MethodDescriptionText,NA
usgs_groundwater,NA,LaboratoryName,NA
usgs_groundwater,NA,AnalysisStartDate,NA
usgs_groundwater,NA,AnalysisStartTime.Time,NA
usgs_groundwater,NA,AnalysisStartTime.TimeZoneCode,NA
usgs_groundwater,NA,AnalysisEndDate,NA
usgs_groundwater,NA,AnalysisEndTime.Time,NA
usgs_groundwater,NA,AnalysisEndTime.TimeZoneCode,NA
usgs_groundwater,NA,ResultLaboratoryCommentCode,NA
usgs_groundwater,NA,ResultLaboratoryCommentText,NA
usgs_groundwater,NA,ResultDetectionQuantitationLimitUrl,NA
usgs_groundwater,NA,LaboratoryAccreditationIndicator,NA
usgs_groundwater,NA,LaboratoryAccreditationAuthorityName,NA
usgs_groundwater,NA,TaxonomistAccreditationIndicator,NA
usgs_groundwater,NA,TaxonomistAccreditationAuthorityName,NA
usgs_groundwater,NA,LabSamplePreparationUrl,NA
usgs_groundwater,NA,PulledDate,NA
usgs_groundwater,NA,FileName,NA
usgs_groundwater,NA,Media,NA
usgs_groundwater,NA,SampleYear,NA
usgs_update_soil_sed,nd_flag,ResultDetectionConditionText,added
usgs_update_soil_sed,qc_flag,QA_Concerns,added
usgs_update_soil_sed,reported_analytical_method,ResultAnalyticalMethod.MethodName,added
usgs_update_soil_sed,reported_chemical_name,CharacteristicName,added
usgs_update_soil_sed,reported_collection_activity_id,ActivityIdentifier,added
usgs_update_soil_sed,reported_date,ActivityStartDate,added
usgs_update_soil_sed,reported_media,ActivityMediaName,added
usgs_update_soil_sed,reported_reference,ProviderName,added
usgs_update_soil_sed,reported_result,ResultMeasureValue,added
usgs_update_soil_sed,reported_units,ResultMeasure.MeasureUnitCode,added
usgs_update_soil_sed,result_flag,MeasureQualifierCode,added
usgs_update_soil_sed,NA,OrganizationIdentifier,NA
usgs_update_soil_sed,NA,OrganizationFormalName,NA
usgs_update_soil_sed,NA,ActivityStartTime.Time,NA
usgs_update_soil_sed,NA,ActivityStartTime.TimeZoneCode,NA
usgs_update_soil_sed,NA,MonitoringLocationIdentifier,NA
usgs_update_soil_sed,NA,ResultIdentifier,NA
usgs_update_soil_sed,NA,ActivityMediaSubdivisionName,NA
usgs_update_soil_sed,NA,DetectionQuantitationLimitMeasure.MeasureValue,NA
usgs_update_soil_sed,NA,DataLoggerLine,NA
usgs_update_soil_sed,NA,MethodSpecificationName,NA
usgs_update_soil_sed,NA,ResultSampleFractionText,consider adding
usgs_update_soil_sed,NA,ResultStatusIdentifier,NA
usgs_update_soil_sed,NA,StatisticalBaseCode,NA
usgs_update_soil_sed,NA,ResultValueTypeName,NA
usgs_update_soil_sed,NA,ResultWeightBasisText,consider adding
usgs_update_soil_sed,NA,ResultTimeBasisText,NA
usgs_update_soil_sed,NA,ResultTemperatureBasisText,NA
usgs_update_soil_sed,NA,ResultParticleSizeBasisText,NA
usgs_update_soil_sed,NA,PrecisionValue,NA
usgs_update_soil_sed,NA,DataQuality.BiasValue,NA
usgs_update_soil_sed,NA,ConfidenceIntervalValue,NA
usgs_update_soil_sed,NA,UpperConfidenceLimitValue,NA
usgs_update_soil_sed,NA,LowerConfidenceLimitValue,NA
usgs_update_soil_sed,NA,ResultCommentText,NA
usgs_update_soil_sed,NA,USGSPCode,NA
usgs_update_soil_sed,NA,ResultDepthHeightMeasure.MeasureValue,NA
usgs_update_soil_sed,NA,ResultDepthHeightMeasure.MeasureUnitCode,NA
usgs_update_soil_sed,NA,ResultDepthAltitudeReferencePointText,NA
usgs_update_soil_sed,NA,ResultSamplingPointName,NA
usgs_update_soil_sed,NA,BiologicalIntentName,NA
usgs_update_soil_sed,NA,BiologicalIndividualIdentifier,NA
usgs_update_soil_sed,NA,SubjectTaxonomicName,NA
usgs_update_soil_sed,NA,UnidentifiedSpeciesIdentifier,NA
usgs_update_soil_sed,NA,SampleTissueAnatomyName,NA
usgs_update_soil_sed,NA,GroupSummaryCountWeight.MeasureValue,NA
usgs_update_soil_sed,NA,GroupSummaryCountWeight.MeasureUnitCode,NA
usgs_update_soil_sed,NA,CellFormName,NA
usgs_update_soil_sed,NA,CellShapeName,NA
usgs_update_soil_sed,NA,HabitName,NA
usgs_update_soil_sed,NA,VoltismName,NA
usgs_update_soil_sed,NA,TaxonomicPollutionTolerance,NA
usgs_update_soil_sed,NA,TaxonomicPollutionToleranceScaleText,NA
usgs_update_soil_sed,NA,TrophicLevelName,NA
usgs_update_soil_sed,NA,FunctionalFeedingGroupName,NA
usgs_update_soil_sed,NA,TaxonomicDetailsCitation.ResourceTitleName,NA
usgs_update_soil_sed,NA,TaxonomicDetailsCitation.ResourceCreatorName,NA
usgs_update_soil_sed,NA,TaxonomicDetailsCitation.ResourceSubjectText,NA
usgs_update_soil_sed,NA,TaxonomicDetailsCitation.ResourcePublisherName,NA
usgs_update_soil_sed,NA,TaxonomicDetailsCitation.ResourceDate,NA
usgs_update_soil_sed,NA,TaxonomicDetailsCitation.ResourceIdentifier,NA
usgs_update_soil_sed,NA,FrequencyClassInformationUrl,NA
usgs_update_soil_sed,NA,ResultAnalyticalMethod.MethodIdentifier,NA
usgs_update_soil_sed,NA,ResultAnalyticalMethod.MethodIdentifierContext,NA
usgs_update_soil_sed,NA,ResultAnalyticalMethod.MethodUrl,NA
usgs_update_soil_sed,NA,ResultAnalyticalMethod.MethodQualifierTypeName,NA
usgs_update_soil_sed,NA,MethodDescriptionText,NA
usgs_update_soil_sed,NA,LaboratoryName,NA
usgs_update_soil_sed,NA,AnalysisStartDate,NA
usgs_update_soil_sed,NA,AnalysisStartTime.Time,NA
usgs_update_soil_sed,NA,AnalysisStartTime.TimeZoneCode,NA
usgs_update_soil_sed,NA,AnalysisEndDate,NA
usgs_update_soil_sed,NA,AnalysisEndTime.Time,NA
usgs_update_soil_sed,NA,AnalysisEndTime.TimeZoneCode,NA
usgs_update_soil_sed,NA,ResultLaboratoryCommentCode,NA
usgs_update_soil_sed,NA,ResultLaboratoryCommentText,NA
usgs_update_soil_sed,NA,ResultDetectionQuantitationLimitUrl,NA
usgs_update_soil_sed,NA,LaboratoryAccreditationIndicator,NA
usgs_update_soil_sed,NA,LaboratoryAccreditationAuthorityName,NA
usgs_update_soil_sed,NA,TaxonomistAccreditationIndicator,NA
usgs_update_soil_sed,NA,TaxonomistAccreditationAuthorityName,NA
usgs_update_soil_sed,NA,LabSamplePreparationUrl,NA
usgs_update_soil_sed,NA,PulledDate,NA
usgs_update_soil_sed,NA,FileName,NA
usgs_update_soil_sed,NA,Media,NA
usgs_update_soil_sed,NA,SampleYear,NA
usgs_tissue,LOQ,DetectionQuantitationLimitMeasure.MeasureValue,added
usgs_tissue,nd_flag,ResultDetectionConditionText,agree
usgs_tissue,qc_flag,QA_Concerns,added
usgs_tissue,reported_analytical_method,ResultAnalyticalMethod.MethodName,agree
usgs_tissue,reported_chemical_name,CharacteristicName,agree
usgs_tissue,reported_collection_activity_id,ActivityIdentifier,agree
usgs_tissue,reported_date,ActivityStartDate,agree
usgs_tissue,reported_media,SampleTissueAnatomyName,agree
usgs_tissue,reported_reference,ProviderName,added
usgs_tissue,reported_result,ResultMeasureValue,agree
usgs_tissue,reported_species,SubjectTaxonomicName,agree
usgs_tissue,reported_units,ResultMeasure.MeasureUnitCode,added
usgs_tissue,NA,OrganizationIdentifier,NA
usgs_tissue,NA,OrganizationFormalName,NA
usgs_tissue,NA,ActivityStartTime.Time,NA
usgs_tissue,NA,ActivityStartTime.TimeZoneCode,NA
usgs_tissue,NA,MonitoringLocationIdentifier,NA
usgs_tissue,NA,ResultIdentifier,NA
usgs_tissue,NA,ActivityMediaName,NA
usgs_tissue,NA,ActivityMediaSubdivisionName,NA
usgs_tissue,NA,DetectionQuantitationLimitMeasure.MeasureValue,NA
usgs_tissue,NA,DataLoggerLine,NA
usgs_tissue,NA,MethodSpecificationName,NA
usgs_tissue,NA,ResultSampleFractionText,consider adding
usgs_tissue,NA,MeasureQualifierCode,NA
usgs_tissue,NA,ResultStatusIdentifier,NA
usgs_tissue,NA,StatisticalBaseCode,NA
usgs_tissue,NA,ResultValueTypeName,NA
usgs_tissue,NA,ResultWeightBasisText,consider adding
usgs_tissue,NA,ResultTimeBasisText,NA
usgs_tissue,NA,ResultTemperatureBasisText,NA
usgs_tissue,NA,ResultParticleSizeBasisText,NA
usgs_tissue,NA,PrecisionValue,NA
usgs_tissue,NA,DataQuality.BiasValue,NA
usgs_tissue,NA,ConfidenceIntervalValue,NA
usgs_tissue,NA,UpperConfidenceLimitValue,NA
usgs_tissue,NA,LowerConfidenceLimitValue,NA
usgs_tissue,NA,ResultCommentText,NA
usgs_tissue,NA,USGSPCode,NA
usgs_tissue,NA,ResultDepthHeightMeasure.MeasureValue,NA
usgs_tissue,NA,ResultDepthHeightMeasure.MeasureUnitCode,NA
usgs_tissue,NA,ResultDepthAltitudeReferencePointText,NA
usgs_tissue,NA,ResultSamplingPointName,NA
usgs_tissue,NA,BiologicalIntentName,NA
usgs_tissue,NA,BiologicalIndividualIdentifier,NA
usgs_tissue,NA,UnidentifiedSpeciesIdentifier,NA
usgs_tissue,NA,GroupSummaryCountWeight.MeasureValue,NA
usgs_tissue,NA,GroupSummaryCountWeight.MeasureUnitCode,NA
usgs_tissue,NA,CellFormName,NA
usgs_tissue,NA,CellShapeName,NA
usgs_tissue,NA,HabitName,NA
usgs_tissue,NA,VoltismName,NA
usgs_tissue,NA,TaxonomicPollutionTolerance,NA
usgs_tissue,NA,TaxonomicPollutionToleranceScaleText,NA
usgs_tissue,NA,TrophicLevelName,NA
usgs_tissue,NA,FunctionalFeedingGroupName,NA
usgs_tissue,NA,TaxonomicDetailsCitation.ResourceTitleName,NA
usgs_tissue,NA,TaxonomicDetailsCitation.ResourceCreatorName,NA
usgs_tissue,NA,TaxonomicDetailsCitation.ResourceSubjectText,NA
usgs_tissue,NA,TaxonomicDetailsCitation.ResourcePublisherName,NA
usgs_tissue,NA,TaxonomicDetailsCitation.ResourceDate,NA
usgs_tissue,NA,TaxonomicDetailsCitation.ResourceIdentifier,NA
usgs_tissue,NA,FrequencyClassInformationUrl,NA
usgs_tissue,NA,ResultAnalyticalMethod.MethodIdentifier,NA
usgs_tissue,NA,ResultAnalyticalMethod.MethodIdentifierContext,NA
usgs_tissue,NA,ResultAnalyticalMethod.MethodUrl,NA
usgs_tissue,NA,ResultAnalyticalMethod.MethodQualifierTypeName,NA
usgs_tissue,NA,MethodDescriptionText,NA
usgs_tissue,NA,LaboratoryName,NA
usgs_tissue,NA,AnalysisStartDate,NA
usgs_tissue,NA,AnalysisStartTime.Time,NA
usgs_tissue,NA,AnalysisStartTime.TimeZoneCode,NA
usgs_tissue,NA,AnalysisEndDate,NA
usgs_tissue,NA,AnalysisEndTime.Time,NA
usgs_tissue,NA,AnalysisEndTime.TimeZoneCode,NA
usgs_tissue,NA,ResultLaboratoryCommentCode,NA
usgs_tissue,NA,ResultLaboratoryCommentText,NA
usgs_tissue,NA,ResultDetectionQuantitationLimitUrl,NA
usgs_tissue,NA,LaboratoryAccreditationIndicator,NA
usgs_tissue,NA,LaboratoryAccreditationAuthorityName,NA
usgs_tissue,NA,TaxonomistAccreditationIndicator,NA
usgs_tissue,NA,TaxonomistAccreditationAuthorityName,NA
usgs_tissue,NA,LabSamplePreparationUrl,NA
usgs_tissue,NA,PulledDate,NA
usgs_tissue,NA,FileName,NA
usgs_tissue,NA,Media,NA
usgs_tissue,NA,SampleYear,NA
who_biomon,country,Location,added
who_biomon,qc_flag,QA_Concerns,added
who_biomon,reported_chemical_name,Chemical,added
who_biomon,reported_media,Media,added
who_biomon,reported_N,NumObs,added
who_biomon,reported_reference,PrimRef,added
who_biomon,reported_result,reported_value,melted
who_biomon,reported_statistic,reported_statistic,melted
who_biomon,reported_units,Units,added
who_biomon,years,SampleYear,added
who_biomon,NA,Media_sub,NA
who_biomon,NA,CAS,NA
who_biomon,NA,Min,NA
who_biomon,NA,Max,NA
who_biomon,NA,Mean,NA
who_biomon,NA,Median,NA
who_biomon,NA,SD,NA
who_biomon,NA,DQL,NA
who_biomon,NA,FreqDet,NA
who_biomon,NA,Source,NA
who_biomon,NA,PulledDate,NA
who_biomon,NA,FileName,NA
usgs,LOQ,DetectionQuantitationLimitMeasure.MeasureValue,NA
usgs,nd_flag,ResultDetectionConditionText,NA
usgs,qc_flag,QA_Concerns,NA
usgs,reported_analytical_method,ResultAnalyticalMethod.MethodName,NA
usgs,reported_chemical_name,CharacteristicName,NA
usgs,reported_collection_activity_id,ActivityIdentifier,NA
usgs,reported_date,ActivityStartDate,NA
usgs,NA,ActivityMediaName,NA
usgs,reported_media,ActivityMediaSubdivisionName,NA
usgs,NA,SampleTissueAnatomyName,NA
usgs,reported_reference,ProviderName,NA
usgs,reported_result,ResultMeasureValue,NA
usgs,reported_species,SubjectTaxonomicName,NA
usgs,reported_units,ResultMeasure.MeasureUnitCode,NA
usgs,result_flag,MeasureQualifierCode,NA
usgs,NA,ActivityBottomDepthHeightMeasure.MeasureUnitCode,NA
usgs,NA,ActivityBottomDepthHeightMeasure.MeasureValue,NA
usgs,NA,ActivityCommentText,NA
usgs,NA,ActivityConductingOrganizationText,NA
usgs,NA,ActivityDepthAltitudeReferencePointText,NA
usgs,NA,ActivityDepthHeightMeasure.MeasureUnitCode,NA
usgs,NA,ActivityDepthHeightMeasure.MeasureValue,NA
usgs,NA,ActivityEndDate,NA
usgs,NA,ActivityEndTime.Time,NA
usgs,NA,ActivityEndTime.TimeZoneCode,NA
usgs,NA,ActivityLocation.HorizontalAccuracyMeasure.MeasureUnitCode,NA
usgs,NA,ActivityLocation.HorizontalAccuracyMeasure.MeasureValue,NA
usgs,NA,ActivityLocation.HorizontalCollectionMethodName,NA
usgs,NA,ActivityLocation.HorizontalCoordinateReferenceSystemDatumName,NA
usgs,NA,ActivityLocation.LatitudeMeasure,NA
usgs,NA,ActivityLocation.LongitudeMeasure,NA
usgs,NA,ActivityLocation.SourceMapScaleNumeric,NA
usgs,NA,ActivityRelativeDepthName,NA
usgs,NA,ActivityStartDate,NA
usgs,NA,ActivityStartTime.Time,NA
usgs,NA,ActivityStartTime.TimeZoneCode,NA
usgs,NA,ActivityTopDepthHeightMeasure.MeasureUnitCode,NA
usgs,NA,ActivityTopDepthHeightMeasure.MeasureValue,NA
usgs,NA,ActivityTypeCode,NA
usgs,NA,AnalysisEndDate,NA
usgs,NA,AnalysisEndTime.Time,NA
usgs,NA,AnalysisEndTime.TimeZoneCode,NA
usgs,NA,AnalysisStartDate,NA
usgs,NA,AnalysisStartTime.Time,NA
usgs,NA,AnalysisStartTime.TimeZoneCode,NA
usgs,NA,AssemblageSampledName,NA
usgs,NA,BiologicalIndividualIdentifier,NA
usgs,NA,BiologicalIntentName,NA
usgs,NA,BoatSpeedMeasure.MeasureUnitCode,NA
usgs,NA,BoatSpeedMeasure.MeasureValue,NA
usgs,NA,CellFormName,NA
usgs,NA,CellShapeName,NA
usgs,NA,ChemicalPreservativeUsedName,NA
usgs,NA,CollectionDuration.MeasureUnitCode,NA
usgs,NA,CollectionDuration.MeasureValue,NA
usgs,NA,ConfidenceIntervalValue,NA
usgs,NA,CurrentSpeedMeasure.MeasureUnitCode,NA
usgs,NA,CurrentSpeedMeasure.MeasureValue,NA
usgs,NA,DataLoggerLine,NA
usgs,NA,DataQuality.BiasValue,NA
usgs,NA,DetectionQuantitationLimitMeasure.MeasureValue,NA
usgs,NA,DetectionQuantitationLimitMeasure.MeasureUnitCode,NA
usgs,NA,DetectionQuantitationLimitTypeName,NA
usgs,NA,FileName,NA
usgs,NA,FrequencyClassDescriptorCode,NA
usgs,NA,FrequencyClassDescriptorUnitCode,NA
usgs,NA,FrequencyClassInformationUrl,NA
usgs,NA,FunctionalFeedingGroupName,NA
usgs,NA,GroupSummaryCountWeight.MeasureUnitCode,NA
usgs,NA,GroupSummaryCountWeight.MeasureValue,NA
usgs,NA,HabitName,NA
usgs,NA,HydrologicCondition,NA
usgs,NA,HydrologicEvent,NA
usgs,NA,LaboratoryAccreditationAuthorityName,NA
usgs,NA,LaboratoryAccreditationIndicator,NA
usgs,NA,LaboratoryName,NA
usgs,NA,LabSamplePreparationMethod.MethodDescriptionText,NA
usgs,NA,LabSamplePreparationMethod.MethodIdentifier,NA
usgs,NA,LabSamplePreparationMethod.MethodIdentifierContext,NA
usgs,NA,LabSamplePreparationMethod.MethodName,NA
usgs,NA,LabSamplePreparationMethod.MethodQualifierTypeName,NA
usgs,NA,LabSamplePreparationUrl,NA
usgs,NA,LowerClassBoundValue,NA
usgs,NA,LowerConfidenceLimitValue,NA
usgs,NA,MeasureQualifierCode,NA
usgs,NA,Media,NA
usgs,NA,MethodDescriptionText,NA
usgs,NA,MethodSpecificationName,NA
usgs,reported_location,MonitoringLocationIdentifier,NA
usgs,NA,NetMeshSizeMeasure.MeasureUnitCode,NA
usgs,NA,NetMeshSizeMeasure.MeasureValue,NA
usgs,NA,NetSurfaceAreaMeasure.MeasureUnitCode,NA
usgs,NA,NetSurfaceAreaMeasure.MeasureValue,NA
usgs,NA,NetTypeName,NA
usgs,NA,OrganizationFormalName,NA
usgs,NA,OrganizationIdentifier,NA
usgs,NA,PassCount,NA
usgs,NA,PrecisionValue,NA
usgs,NA,PreparationEndDate,NA
usgs,NA,PreparationEndTime.Time,NA
usgs,NA,PreparationEndTime.TimeZoneCode,NA
usgs,NA,PreparationStartDate,NA
usgs,NA,PreparationStartTime.Time,NA
usgs,NA,PreparationStartTime.TimeZoneCode,NA
usgs,NA,ProjectIdentifier,NA
usgs,NA,PulledDate,NA
usgs,NA,ReachLengthMeasure.MeasureUnitCode,NA
usgs,NA,ReachLengthMeasure.MeasureValue,NA
usgs,NA,ReachWidthMeasure.MeasureUnitCode,NA
usgs,NA,ReachWidthMeasure.MeasureValue,NA
usgs,NA,ResultAnalyticalMethod.MethodIdentifier,NA
usgs,NA,ResultAnalyticalMethod.MethodIdentifierContext,NA
usgs,NA,ResultAnalyticalMethod.MethodQualifierTypeName,NA
usgs,NA,ResultAnalyticalMethod.MethodUrl,NA
usgs,NA,ResultCommentText,NA
usgs,NA,ResultDepthAltitudeReferencePointText,NA
usgs,NA,ResultDepthHeightMeasure.MeasureUnitCode,NA
usgs,NA,ResultDepthHeightMeasure.MeasureValue,NA
usgs,NA,ResultDetectionQuantitationLimitUrl,NA
usgs,NA,ResultIdentifier,NA
usgs,NA,ResultLaboratoryCommentCode,NA
usgs,NA,ResultLaboratoryCommentText,NA
usgs,NA,ResultParticleSizeBasisText,NA
usgs,NA,ResultSampleFractionText,NA
usgs,NA,ResultSamplingPointName,NA
usgs,NA,ResultStatusIdentifier,NA
usgs,NA,ResultTemperatureBasisText,NA
usgs,NA,ResultTimeBasisText,NA
usgs,NA,ResultValueTypeName,NA
usgs,NA,ResultWeightBasisText,NA
usgs,NA,SampleAquifer,NA
usgs,NA,SampleCollectionEquipmentName,NA
usgs,NA,SampleCollectionMethod.MethodDescriptionText,NA
usgs,NA,SampleCollectionMethod.MethodIdentifier,NA
usgs,NA,SampleCollectionMethod.MethodIdentifierContext,NA
usgs,NA,SampleCollectionMethod.MethodName,NA
usgs,NA,SampleCollectionMethod.MethodQualifierTypeName,NA
usgs,NA,SampleCollectionMethod.SampleCollectionEquipmentCommentText,NA
usgs,NA,SampleContainerColorName,NA
usgs,NA,SampleContainerTypeName,NA
usgs,NA,SamplePreparationMethod.MethodDescriptionText,NA
usgs,NA,SamplePreparationMethod.MethodIdentifier,NA
usgs,NA,SamplePreparationMethod.MethodIdentifierContext,NA
usgs,NA,SamplePreparationMethod.MethodName,NA
usgs,NA,SamplePreparationMethod.MethodQualifierTypeName,NA
usgs,NA,SampleTransportStorageDescription,NA
usgs,sample_year,SampleYear,NA
usgs,NA,SamplingComponentName,NA
usgs,NA,SamplingComponentPlaceInSeriesNumeric,NA
usgs,NA,StatisticalBaseCode,NA
usgs,NA,SubjectTaxonomicName,NA
usgs,NA,SubstitutionDilutionFactorNumeric,NA
usgs,NA,TaxonomicDetailsCitation.ResourceCreatorName,NA
usgs,NA,TaxonomicDetailsCitation.ResourceDate,NA
usgs,NA,TaxonomicDetailsCitation.ResourceIdentifier,NA
usgs,NA,TaxonomicDetailsCitation.ResourcePublisherName,NA
usgs,NA,TaxonomicDetailsCitation.ResourceSubjectText,NA
usgs,NA,TaxonomicDetailsCitation.ResourceTitleName,NA
usgs,NA,TaxonomicPollutionTolerance,NA
usgs,NA,TaxonomicPollutionToleranceScaleText,NA
usgs,NA,TaxonomistAccreditationAuthorityName,NA
usgs,NA,TaxonomistAccreditationIndicator,NA
usgs,NA,ThermalPreservativeUsedName,NA
usgs,NA,ToxicityTestType,NA
usgs,NA,TrophicLevelName,NA
usgs,NA,UnidentifiedSpeciesIdentifier,NA
usgs,NA,UpperClassBoundValue,NA
usgs,NA,UpperConfidenceLimitValue,NA
usgs,NA,USGSPCode,NA
usgs,NA,VoltismName,NA
ip_chem_biomonitoring,reported_chemical_name,Chemical Name,NA
ip_chem_biomonitoring,reported_casrn,CAS Number,NA
ip_chem_biomonitoring,NA,Country Code,NA
ip_chem_biomonitoring,reported_location,Country Name,NA
ip_chem_biomonitoring,NA,Sample Source Code,NA
ip_chem_biomonitoring,NA,Sample Source Name,NA
ip_chem_biomonitoring,reported_result,Concentration Value,NA
ip_chem_biomonitoring,reported_units,Unit of Measure,NA
ip_chem_biomonitoring,reported_dates,Sampling Date,NA
ip_chem_biomonitoring,LOD,LOD,NA
ip_chem_biomonitoring,LOQ,LOQ,NA
ip_chem_biomonitoring,reported_media,Media,NA
ip_chem_biomonitoring,NA,Level of Aggregation,NA
ip_chem_biomonitoring,reported_statistic,Statistic Name,NA
ip_chem_biomonitoring,reported_N,Number of Samples,NA
ip_chem_biomonitoring,NA,Samples Below LOQ,NA
ip_chem_biomonitoring,reported_detect_rate,Percentage of Samples >= LOD,NA
ip_chem_biomonitoring,NA,Position,NA
ip_chem_biomonitoring,NA,Latitude,NA
ip_chem_biomonitoring,NA,Longitude,NA
ip_chem_biomonitoring,NA,Location Name,NA
ip_chem_biomonitoring,NA,Compound,NA
ip_chem_biomonitoring,NA,Cohort Code,NA
ip_chem_biomonitoring,reported_population,Cohort Name,NA
ip_chem_biomonitoring,NA,Determinant Name,NA
ip_chem_biomonitoring,NA,Determinant Value,NA
ip_chem_biomonitoring,NA,Sample Type,NA
ip_chem_biomonitoring,NA,Confidence Interval,NA
ip_chem_biomonitoring,NA,IPCheM QC,NA
ip_chem_biomonitoring,NA,PulledDate,NA
ip_chem_biomonitoring,NA,FileName,NA
ip_chem_biomonitoring,qc_flag,QA_Concerns,NA
ip_chem_biomonitoring,NA,Sampling Matrix,NA
ip_chem_biomonitoring,reported_population,Target Population,NA
ip_chem_biomonitoring,NA,Adjusted For,NA
ip_chem_biomonitoring,NA,Concentration Value (unadjusted),NA
ip_chem_biomonitoring,NA,Confidence Interval (unadjusted),NA
ip_chem_biomonitoring,NA,Analysed Fraction,NA
ip_chem_biomonitoring,reported_num_nds,Number of Non Detects,NA
ip_chem_biomonitoring,NA,Standard Deviation,NA
ip_chem_biomonitoring,NA,Region,NA
ip_chem_biomonitoring,NA,Study,NA
ip_chem_biomonitoring,NA,Aggregation Period,NA
ip_chem_biomonitoring,NA,Measurements Count,NA
ip_chem_biomonitoring,NA,Measurements Count  LOQ,NA
ip_chem_biomonitoring,NA,Decomposition Method,NA
ip_chem_biomonitoring,NA,Dry Wet Weight,NA
ip_chem_biomonitoring,reported_species,Specimen Name,NA
ip_chem_biomonitoring,NA,Specimen Code,NA
ip_chem_biomonitoring,NA,Measurement ID,NA
ip_chem_biomonitoring,NA,Measurement Institute,NA
ip_chem_biomonitoring,NA,Measurement Method,NA
ip_chem_biomonitoring,NA,Analyte Code,NA
ip_chem_biomonitoring,NA,Dynamic Link,NA
ip_chem_biomonitoring,NA,Created,NA
ip_chem_biomonitoring,NA,Updated,NA
ip_chem_biomonitoring,NA,Standard Error,NA
ip_chem_biomonitoring,NA,Mean Confidence Interval,NA
ip_chem_biomonitoring,NA,Geometric Mean Confidence Interval,NA
ip_chem_ibs,reported_chemical_name,Chemical Name,NA
ip_chem_ibs,reported_casrn,CAS Number,NA
ip_chem_ibs,NA,Country Code,NA
ip_chem_ibs,reported_location,Country Name,NA
ip_chem_ibs,NA,Sample Source Code,NA
ip_chem_ibs,NA,Sample Source Name,NA
ip_chem_ibs,reported_result,Concentration Value,NA
ip_chem_ibs,reported_units,Unit of Measure,NA
ip_chem_ibs,sample_year,Sampling Date,NA
ip_chem_ibs,LOD,LOD,NA
ip_chem_ibs,LOQ,LOQ,NA
ip_chem_ibs,reported_media,Media,NA
ip_chem_ibs,NA,Sampling Matrix,NA
ip_chem_ibs,NA,Level of Aggregation,NA
ip_chem_ibs,NA,Position,NA
ip_chem_ibs,NA,Latitude,NA
ip_chem_ibs,NA,Longitude,NA
ip_chem_ibs,NA,Location Name,NA
ip_chem_ibs,NA,Sex,NA
ip_chem_ibs,NA,Smoking,NA
ip_chem_ibs,NA,Education,NA
ip_chem_ibs,NA,Age (year),NA
ip_chem_ibs,NA,Weight (kg),NA
ip_chem_ibs,NA,Height (cm),NA
ip_chem_ibs,NA,Creatinine (g/L),NA
ip_chem_ibs,reported_sample_id,Sample ID,NA
ip_chem_ibs,NA,IPCheM QC,NA
ip_chem_ibs,NA,PulledDate,NA
ip_chem_ibs,NA,FileName,NA
ip_chem_ibs,qc_flag,QA_Concerns,NA
