full_source_name,onhold,remove_processing,delete,load,process,update,ICF_phase,name,type,who_aggregated,numrecs,who,location,filename,source,description,data_documents,supplemental_documents
American Healthy Homes Survey,NA,0,0,1,1,1,1,ahhs,aggregate,source,NA,ICF,Data_AHHS,StagetoDB/raw_melted_ahhs_QA.csv;StagetoDB/raw_melted_ahhs_2024_QA.csv,https://www.epa.gov/ace/american-healthy-homes-survey-ahhs,Nationally-representative study of contaminants in homes by U.S. Department of Housing and Urban Development,Raw/ahhs_report.pdf; Raw/Stout et al. 2009 American Healthy Homes Survey - A National study of Residential Pesticides.pdf,NA
National Atmospheric Deposition Program (Atmospheric Integrated Research Monitoring Network (AIRMoN),NA,0,0,1,1,0,1,airmon,raw,NA,NA,ICF,Data_NADP,StagetoDB/AIRMoN_flagged_2024_correction.csv,http://nadp.sws.uiuc.edu/airmon/,AIRMoN is a monitoring network of seven sites in the Eastern U.S.  Data were available for 1992-2015.,NA,NA
Biomonitoring California,NA,0,0,1,1,0,1,biomon_ca,aggregate,source,NA,ICF,Data_Biomonitoring California,StagetoDB/BiomonCA_melted_QA.csv,http://www.biomonitoring.ca.gov/chemicals/chemicals-biomonitored-california,"Collaborative biomonitoring effort (The California Environmental Contaminant Biomonitoring Program, also known as Biomonitoring California), implemented by the California Department of Public Health and the California Environmental Protection Agency",NA,metadata/biomon_ca data dictionary.pdf
California Air Monitoring Network,NA,0,0,1,1,0,12,ca_airmon,aggregate,source,NA,ICF,Data_California Air Monitoring Network,StagetoDB/AIRMON_final_melted_QA.csv,http://www.cdpr.ca.gov/docs/emon/airinit/air_network_results.htm,Multi-year air monitoring network to measure pesticides in various agricultural communities in California (2012-2016),Raw/amn_2012_final_report_1013.pdf;Raw/amn_2013_report_final.pdf;Raw/amn_2014_report_final.pdf;Raw/amn_vol1_final.pdf;Raw/CA_AirMonit_2015.pdf;Raw/CA_AirMonit_2016.pdf;,NA
California Surface Water Database - Sediment,NA,0,0,1,1,0,12,ca_surf_sediment,raw,NA,NA,ICF,Data_California Surface Water Database,StagetoDB/SED_2016_flagged.csv;StagetoDB/SURF_sediment_2017_flagged.csv,http://www.cdpr.ca.gov/docs/emon/surfwtr/surfdata.htm,"Surface Water Database (SURF) maintained by the California Department of Pesticide Regulation (DPR), containing data from a wide variety of environmental monitoring studies",NA,NA
California Surface Water Database - Surface Water,NA,0,0,1,1,0,12,ca_surf_water,raw,NA,NA,ICF,Data_California Surface Water Database,StagetoDB/SURF_2016_flagged.csv;StagetoDB/SURF_sw_2017_flagged.csv,http://www.cdpr.ca.gov/docs/emon/surfwtr/surfdata.htm,"Surface Water Database (SURF) maintained by the California Department of Pesticide Regulation (DPR), containing data from a wide variety of environmental monitoring studies",NA,NA
California Air Resources Board (CARB),NA,0,0,1,1,0,999,carb,aggregate,source,NA,RH,Data_California Air Resources Board,StagetoDB/CARB 2005 data_melted_2024_update.csv,https://www.arb.ca.gov/research/apr/reports/l3041.pdf,Report from CARB to the California Legislature on indoor air pollution (2005),NA,NA
Chem Theatre,NA,0,0,1,1,0,2,chem_theatre,raw,NA,NA,ICF,Data_Chem Theatre,StagetoDB/ChemTheatre_merged_flagged.csv,http://chem-theatre.com/,"ChemTHEATRE: Chemicals in the THEATRE [Tractable and Heuristic E-Archive for Traceability and Responsible-care Engagement], a platform for archival of environmental measurements supported by the Long-range Research Initiative (LRI) and the Japan Chemical Industry Association (JCIA)",NA,NA
Canadian Health Measures Survey,need to redo abhishek's data is no good,0,0,0,0,0,1,chms,aggregate,source,NA,AK,Data_Canadian Health Measures,raw/CHMS_processed.csv,http://www23.statcan.gc.ca/imdb/p2SV.pl?Function=getSurvey&SDDS=5071,An ongoing Canadian national survey administered by Statistics Canada in partnership with Health Canada and the Public Health Agency of Canada,Raw/Canadian Health Measures - Cycle 1 Tables 58-65.pdf; Raw/Canadian Health Measures - Cycle 2 Tables 57-70.pdf,NA
Canadian Health Measures Survey Cycle 3 and 4,need to redo abhishek's data is no good,0,0,0,0,0,2,chms_update,aggregate,source,NA,AK,Data_Canadian Health Measures_Update,raw/CHMS_update_processed.csv,http://www23.statcan.gc.ca/imdb/p2SV.pl?Function=getSurvey&SDDS=5071,An ongoing Canadian national survey administered by Statistics Canada in partnership with Health Canada and the Public Health Agency of Canada,Raw/CHMS_cycle3_comb_dataRep.pdf;Raw/CHMS_cycle4_comb_dataRep.pdf,NA
Comparative Toxicogenomics Database,NA,0,0,1,1,0,999,ctd,aggregate,source,NA,RH,Data_CTD,StagetoDB/CTD_merged_flagged_new.csv,http://ctdbase.org/ (data provided by researchers directly),"A robust, publicly available database of data from published sources that aims to advance understanding about how environmental exposures affect human health.",NA,NA
EPA Nine POTW Study,NA,0,0,1,1,0,1,epa_9potw,raw,NA,NA,ICF,Data_EPA 9 POTW,StagetoDB/EPA_POTW_flagged.csv,NA,Results from an EPA Study of the occurrence of contaminants of emerging concern in wastewater from publicly owned treatment works (POTW),NA,NA
EPA Ambient Monitoring Technology Information Center û Air Toxics Data,NA,0,0,1,1,0,2,epa_amtic,raw,NA,NA,ICF,Data_EPA AMTIC,StagetoDB/amtic_2015_1.csv;StagetoDB/amtic_2015_2.csv;StagetoDB/amtic_2015_3.csv;StagetoDB/amtic_2015_4.csv;StagetoDB/amtic_2015_5.csv;StagetoDB/amtic_2015_6.csv;StagetoDB/amtic_2015_7.csv;StagetoDB/amtic_2015_8.csv;StagetoDB/amtic_2015_9.csv;StagetoDB/amtic_2015_10.csv;StagetoDB/amtic_2015_11.csv;StagetoDB/amtic_2015_12.csv;StagetoDB/amtic_2015_13.csv;StagetoDB/amtic_2015_14.csv;StagetoDB/amtic_2015_15.csv,https://www3.epa.gov/ttnamti1/toxdat.html,"Ambient Monitoring Archive of the EPA’s Ambient Monitoring Technology Information Center (AMTIC) The archive covers measurements of hazardous air pollutants (HAPS) from as early as 1990 to 2016. The archive for HAPs currently houses data from over 2,500 monitoring sites. ",NA,NA
EPA Discharge Monitoring Report Data,NA,0,0,1,1,0,999,epa_dmr,aggregate,NA,NA,RH,Data_EPA DMR,StagetoDB/EPA_DMR_merged_flagged_04222024a.csv;StagetoDB/EPA_DMR_merged_flagged_04222024c.csv;StagetoDB/EPA_DMR_merged_flagged_04222024d.csv;StagetoDB/EPA_DMR_merged_flagged_04222024e.csv;StagetoDB/EPA_DMR_merged_flagged_04222024f.csv;StagetoDB/EPA_DMR_merged_flagged_04222024g.csv;StagetoDB/EPA_DMR_merged_flagged_04222024h.csv;StagetoDB/EPA_DMR_merged_flagged_04222024i.csv;StagetoDB/EPA_DMR_merged_flagged_04222024j.csv;StagetoDB/EPA_DMR_merged_flagged_04222024k.csv;StagetoDB/EPA_DMR_merged_flagged_04222024l.csv;StagetoDB/EPA_DMR_merged_flagged_04222024m.csv;StagetoDB/EPA_DMR_merged_flagged_04222024n.csv;StagetoDB/EPA_DMR_merged_flagged_04222024o.csv;StagetoDB/EPA_DMR_merged_flagged_04222024p.csv;StagetoDB/EPA_DMR_merged_flagged_04222024q.csv,https://cfpub.epa.gov/dmr/,State-level data for 2007-2023 from discharge monitoring reports from EPAs Enforcement and Compliance History Online site. ,NA,NA
"EPA Office of Water, National study of Chemical Residues in Lake Fish Tissue",NA,0,0,1,1,0,1,epa_nscrlft,aggregate,source,NA,KI,Data_EPA Fish tissue,StagetoDB/EPA_fish_tissue_flagged.csv,"U.S. Environmental Protection Agency (USEPA). 2009. The National Study of Chemical Residues in Lake Fish Tissue. EPA-823-R-09-006. U.S. Environmental Protection Agency, Office of Water, Washington, DC.","Data from a published report on a national EPA study to estimate the national distribution of selected persistent, bioaccumulative, and toxic (PBT) chemical residues in fish tissue from lakes and reservoirs of the conterminous United States. ",Raw/P1005P2Z.pdf,NA
EPA Targeted National Sewage Sludge Survey,NA,0,0,1,1,0,1,epa_tnsss,raw,NA,NA,KI,Data_EPA TNSS,StagetoDB/EPA_TNSSS_processed_flagged.csv,https://www.epa.gov/biosolids/sewage-sludge-surveys,EPA survey to examine over 350 pollutants in sewage sludge.,NA,NA
EPA Unregulated Contaminant Monitoring Rule,NA,0,0,1,1,0,999,epa_ucmr,raw,NA,NA,RH,Data_EPA Drinking water unregulated,StagetoDB/EPA_UCMR1_flagged.csv; StagetoDB/EPA_UCMR2_flagged.csv; StagetoDB/EPA_UCMR3_flagged.csv; StagetoDB/EPA_UCMR4_flagged.csv,https://www.epa.gov/dwucmr,Data collected under the EPA Unregulated Contaminant Monitoring Rule (UCMR). The rule is used to collect data for contaminants that are suspected to be present in drinking water and do not have health-based standards set under the Safe Drinking Water Act (SDWA). State-level data from 2007-2017.,NA,NA
FDA Total Diet Study -  elements,NA,0,0,1,1,0,1,fda_tds_elem,raw,NA,NA,ICF,Data_FDA TDS,StagetoDB/Elements_flagged.csv,http://www.fda.gov/Food/FoodScienceResearch/TotalDietStudy/ucm184293.htm,Ongoing FDA program that monitors levels of about 800 contaminants and nutrients in the average U.S. diet. Database includes data from 2003-2011.,NA,NA
FDA Total Diet Study -  pesticides,NA,0,0,1,1,0,1,fda_tds_pest,raw,NA,NA,ICF,Data_FDA TDS,StagetoDB/Pesticides_flagged.csv,http://www.fda.gov/Food/FoodScienceResearch/TotalDietStudy/ucm184293.htm,Ongoing FDA program that monitors levels of about 800 contaminants and nutrients in the average U.S. diet. Database includes data from 2003-2011.,NA,NA
Great Lakes Environmental Database,hold-sitedown,0,0,0,0,0,1,glenda,raw,NA,NA,KI,Data_Great Lakes Environmental Database,raw/BRB 2011.csv;raw/Fish tissue chemistry 1984.csv;raw/Fish tissue chemistry 2006.csv;raw/GrandRiver 1997.csv;raw/MNPP PCBs.csv;raw/SED Hg.csv,https://www.epa.gov/great-lakes-monitoring/great-lakes-fish-monitoring-surveillance-program-data,"EPA database containing from the EPA’s Great Lakes Fish Monitoring and Surveillance Program, an ongoing effort to collect fish from the Great Lakes and analyze them for contaminants.",NA,NA
ICES-Dome Biota,NA,0,0,1,1,0,12,ices_biota,raw,NA,NA,ICF,Data_ICES Dome,StagetoDB/ICES_Dome_biota_flagged.csv,ttp://www.ices.dk/marine-data/data-portals/Pages/DOME.aspx,"Marine Environment Data Portal of The International Council for the Exploration of the Sea (ICES), an intergovernmental marine science organization.",NA,documention_ORD/ERF3.2.doc
ICES-Dome Sediment,NA,0,0,1,1,0,12,ices_sediment,raw,NA,NA,ICF,Data_ICES Dome,StagetoDB/ICES_Dome_sediment_flagged.csv,http://www.ices.dk/marine-data/data-portals/Pages/DOME.aspx,"Marine Environment Data Portal of The International Council for the Exploration of the Sea (ICES), an intergovernmental marine science organization.",NA,documention_ORD/ERF3.2.doc
Information Platform for Chemical Monitoring Data - Biota,NA,0,0,1,1,0,2,ip_chem_biota,raw,NA,NA,ICF,Data_IPChem,StagetoDB/Waterbase_Biota_disagg_flagged.csv,NA,IPCHEM is a web single access point for locating and accessing chemical monitoring data across all media in the European Union.,NA,NA
Information Platform for Chemical Monitoring Data - Lakes and Rivers,NA,0,0,1,1,0,2,ip_chem_lakes,aggregate,source,NA,ICF,Data_IPChem,StagetoDB/Waterbase_LakesRivers_v14_HazSubs_melted_QA_A.csv;StagetoDB/Waterbase_LakesRivers_v14_HazSubs_melted_QA_B.csv;StagetoDB/Waterbase_LakesRivers_v14_HazSubs_melted_QA_C.csv;StagetoDB/Waterbase_LakesRivers_v14_HazSubs_melted_QA_D.csv;StagetoDB/Waterbase_LakesRivers_v14_HazSubs_melted_QA_E.csv;StagetoDB/Waterbase_LakesRivers_v14_HazSubs_melted_QA_F.csv;StagetoDB/Waterbase_LakesRivers_v14_HazSubs_melted_QA_G.csv;StagetoDB/Waterbase_LakesRivers_v14_HazSubs_melted_QA_H.csv;StagetoDB/Waterbase_LakesRivers_v14_HazSubs_melted_QA_I.csv;StagetoDB/Waterbase_LakesRivers_v14_HazSubs_melted_QA_J.csv,https://ipchem.jrc.ec.europa.eu/RDSIdiscovery/ipchem/index.html,IPCHEM is a web single access point for locating and accessing chemical monitoring data across all media in the European Union.,NA,NA
Information Platform for Chemical Monitoring Data - Seawater,NA,0,0,1,1,0,2,ip_chem_seawater,raw,NA,NA,ICF,Data_IPChem,StagetoDB/Waterbase_Seawater_disagg_flagged.csv,https://ipchem.jrc.ec.europa.eu/RDSIdiscovery/ipchem/index.html,IPCHEM is a web single access point for locating and accessing chemical monitoring data across all media in the European Union.,NA,NA
Information Platform for Chemical Monitoring Data - Sediment,NA,0,0,1,1,0,2,ip_chem_sediment,raw,NA,NA,ICF,Data_IPChem,StagetoDB/Waterbase_Sediment_disagg_flagged.csv,https://ipchem.jrc.ec.europa.eu/RDSIdiscovery/ipchem/index.html,IPCHEM is a web single access point for locating and accessing chemical monitoring data across all media in the European Union.,NA,NA
State of Minnesota  -  biomonitoring,Drinking water data not loaded yet,0,0,0,0,0,1,min_biomon_water,aggregate,source,NA,ICF,Data_Minnesota Drinking Water,raw/DW_All_melted.csv,https://data.web.health.state.mn.us/drinkingwater_query,MN Biomonitoring Program measures levels of chemicals in Minnesotans. ,NA,NA
State of Minnesota  -  drinking water,NA,0,0,0,0,0,1,min_biomon_water,aggregate,source,NA,ICF,Data_Minnesota Biomonitoring,StagetoDB/MN_Biomon_flagged.csv,https://data.web.health.state.mn.us/drinkingwater_query,MN Biomonitoring Program measures levels of chemicals in Minnesotans. ,NA,NA
National Health and Nutrition Examination Survey,NA,0,0,1,1,0,2,nhanes,aggregate,source,NA,KI,Data_NHANES,StagetoDB/NHANES_processed_flagged_2024.csv,NA,"National Health and Nutrition Survey. 2018 Fourth National Report on Human Exposure to Environmental Chemicals. Updated Tables, March 2018, Volume One.",NA,NA
OECD Monitoring Database,NA,0,0,0,0,0,1,oecd,aggregate,source,NA,ICF,Data_OECD Biomonitoring Database,StagetoDB/BioMonV_OECD_flagged_melted.csv,Obtained directly from OPPT,Database of published/public human biomonitoring results compiled by OECD.,NA,NA
USDA National Residue Program,NA,0,0,1,1,0,1,usda_nrp,raw,NA,NA,ICF,Data_USDA NRP,StagetoDB/NRP_Residue_Results_flagged.csv,http://www.fsis.usda.gov/wps/portal/fsis/topics/data-collection-and-reports/chemistry/residue-chemistry,"Chemical residue results for the for meat, poultry, and egg products.",NA,NA
USGS Monitoring Data National Water Quality Monitoring Council - Groundwater,NA,0,0,0,0,0,12,usgs_groundwater,aggregate,ICF,NA,ICF,Data_USGS,raw/ground_v2.csv,http://www.waterqualitydata.us/portal/,"Monitoring data from USGS for air, biological tissue, groundwater, sediment, soil, surface water, and tissue.  Sediment, groundwater, and surface water are presented as temporal and geospatial summaries in the database as described in the text (due to size).",NA,NA
USGS Monitoring Data National Water Quality Monitoring Council - Sediment,NA,0,0,0,0,0,12,usgs_sediment,aggregate,ICF,NA,ICF,Data_USGS,raw/sediment_v2.csv,http://www.waterqualitydata.us/portal/,"Monitoring data from USGS for air, biological tissue, groundwater, sediment, soil, surface water, and tissue.  Sediment, groundwater, and surface water are presented as temporal and geospatial summaries in the database as described in the text (due to size).",NA,NA
USGS Monitoring Data National Water Quality Monitoring Council - Soil,NA,0,0,0,0,0,1,usgs_soil,raw,NA,NA,ICF,Data_USGS,raw/USGS soil.csv,http://www.waterqualitydata.us/portal/,"Monitoring data from USGS for air, biological tissue, groundwater, sediment, soil, surface water, and tissue.  Sediment, groundwater, and surface water are presented as temporal and geospatial summaries in the database as described in the text (due to size).",NA,NA
USGS Monitoring Data National Water Quality Monitoring Council - Surface Water,NA,0,0,0,0,0,12,usgs_surfacewater,aggregate,ICF,NA,ICF,Data_USGS,raw/surface_v2.csv,http://www.waterqualitydata.us/portal/,"Monitoring data from USGS for air, biological tissue, groundwater, sediment, soil, surface water, and tissue.  Sediment, groundwater, and surface water are presented as temporal and geospatial summaries in the database as described in the text (due to size).",NA,NA
USGS Monitoring Data National Water Quality Monitoring Council - Tissue,NA,0,0,0,0,0,1,usgs_tissue,raw,NA,NA,ICF,Data_USGS,raw/USGS tissue.csv,http://www.waterqualitydata.us/portal/,"Monitoring data from USGS for air, biological tissue, groundwater, sediment, soil, surface water, and tissue.  Sediment, groundwater, and surface water are presented as temporal and geospatial summaries in the database as described in the text (due to size).",NA,NA
USGS Monitoring Data National Water Quality Monitoring Council - Soil Update,NA,0,0,0,0,0,2,usgs_update_soil,raw,NA,NA,ICF,Data_USGS Update,raw/USGS_soil_samplenarrow.csv,http://www.waterqualitydata.us/portal/,"Monitoring data from USGS for air, biological tissue, groundwater, sediment, soil, surface water, and tissue.  Sediment, groundwater, and surface water are presented as temporal and geospatial summaries in the database as described in the text (due to size).",NA,NA
USGS Monitoring Data National Water Quality Monitoring Council - Tissue Update,NA,0,0,0,0,0,2,usgs_tissue,raw,NA,NA,ICF,Data_USGS Update,raw/USGS_tissue_samplenarrow.csv,http://www.waterqualitydata.us/portal/,"Monitoring data from USGS for air, biological tissue, groundwater, sediment, soil, surface water, and tissue.  Sediment, groundwater, and surface water are presented as temporal and geospatial summaries in the database as described in the text (due to size).",NA,NA
WHO Biomonitoring,abhishek is redoing- was incorrect,0,0,0,0,0,2,who_biomon,aggregate,source,NA,AK,Data_WHO biomonitoring,NA,http://www.euro.who.int/__data/assets/pdf_file/0020/276311/Human-biomonitoring-facts-figures-en.pdf,WHO Biomonitoring Report,Raw/Human-biomonitoring-facts-figures-en.pdf,NA
"USGS Monitoring Data National Water Quality Monitoring Council - Air, Soil, Biological (Tissue), Sediment, Water",NA,0,0,1,1,0,3,usgs,raw,NA,NA,NA,Data_USGS,usgs/input/QA_pieces/USGS_2010-2011aa_flagged.csv;usgs/input/QA_pieces/USGS_2010-2011ab_flagged.csv;usgs/input/QA_pieces/USGS_2010-2011ac_flagged.csv;usgs/input/QA_pieces/USGS_2010-2011ad_flagged.csv;usgs/input/QA_pieces/USGS_2010-2011ae_flagged.csv;usgs/input/QA_pieces/USGS_2010-2011af_flagged.csv;usgs/input/QA_pieces/USGS_2010-2011ag_flagged.csv;usgs/input/QA_pieces/USGS_2010-2011ah_flagged.csv;usgs/input/QA_pieces/USGS_2010-2011ai_flagged.csv;usgs/input/QA_pieces/USGS_2010-2011aj_flagged.csv;usgs/input/QA_pieces/USGS_2010-2011ak_flagged.csv;usgs/input/QA_pieces/USGS_2010-2011al_flagged.csv;usgs/input/QA_pieces/USGS_2010-2011am_flagged.csv;usgs/input/QA_pieces/USGS_2010-2011an_flagged.csv;usgs/input/QA_pieces/USGS_2010-2011ao_flagged.csv;usgs/input/QA_pieces/USGS_2010-2011ap_flagged.csv;usgs/input/QA_pieces/USGS_2010-2011aq_flagged.csv;usgs/input/QA_pieces/USGS_2010-2011ar_flagged.csv;usgs/input/QA_pieces/USGS_2010-2011as_flagged.csv;usgs/input/QA_pieces/USGS_2010-2011at_flagged.csv;usgs/input/QA_pieces/USGS_2010-2011au_flagged.csv;usgs/input/QA_pieces/USGS_2010-2011av_flagged.csv;usgs/input/QA_pieces/USGS_2010-2011aw_flagged.csv;usgs/input/QA_pieces/USGS_2010-2011ax_flagged.csv;usgs/input/QA_pieces/USGS_2010-2011ay_flagged.csv;usgs/input/QA_pieces/USGS_2010-2011az_flagged.csv;usgs/input/QA_pieces/USGS_2010-2011ba_flagged.csv;usgs/input/QA_pieces/USGS_2010-2011bb_flagged.csv;usgs/input/QA_pieces/USGS_2010-2011bc_flagged.csv;usgs/input/QA_pieces/USGS_2010-2011bd_flagged.csv;usgs/input/QA_pieces/USGS_2010-2011be_flagged.csv;usgs/input/QA_pieces/USGS_2010-2011bf_flagged.csv;usgs/input/QA_pieces/USGS_2010-2011bg_flagged.csv;usgs/input/QA_pieces/USGS_2010-2011bh_flagged.csv;usgs/input/QA_pieces/USGS_2010-2011bi_flagged.csv;usgs/input/QA_pieces/USGS_2010-2011bj_flagged.csv;usgs/input/QA_pieces/USGS_2010-2011bk_flagged.csv;usgs/input/QA_pieces/USGS_2010-2011bl_flagged.csv;usgs/input/QA_pieces/USGS_2010-2011bm_flagged.csv;usgs/input/QA_pieces/USGS_2010-2011bn_flagged.csv;usgs/input/QA_pieces/USGS_2010-2011bo_flagged.csv;usgs/input/QA_pieces/USGS_2010-2011bp_flagged.csv;usgs/input/QA_pieces/USGS_2010-2011bq_flagged.csv;usgs/input/QA_pieces/USGS_2010-2011br_flagged.csv;usgs/input/QA_pieces/USGS_2010-2011bs_flagged.csv;usgs/input/QA_pieces/USGS_2010-2011bt_flagged.csv;usgs/input/QA_pieces/USGS_2010-2011bu_flagged.csv;usgs/input/QA_pieces/USGS_2012-2013aa_flagged.csv;usgs/input/QA_pieces/USGS_2012-2013ab_flagged.csv;usgs/input/QA_pieces/USGS_2012-2013ac_flagged.csv;usgs/input/QA_pieces/USGS_2012-2013ad_flagged.csv;usgs/input/QA_pieces/USGS_2012-2013ae_flagged.csv;usgs/input/QA_pieces/USGS_2012-2013af_flagged.csv;usgs/input/QA_pieces/USGS_2012-2013ag_flagged.csv;usgs/input/QA_pieces/USGS_2012-2013ah_flagged.csv;usgs/input/QA_pieces/USGS_2012-2013ai_flagged.csv;usgs/input/QA_pieces/USGS_2012-2013aj_flagged.csv;usgs/input/QA_pieces/USGS_2012-2013ak_flagged.csv;usgs/input/QA_pieces/USGS_2012-2013al_flagged.csv;usgs/input/QA_pieces/USGS_2012-2013am_flagged.csv;usgs/input/QA_pieces/USGS_2012-2013an_flagged.csv;usgs/input/QA_pieces/USGS_2012-2013ao_flagged.csv;usgs/input/QA_pieces/USGS_2012-2013ap_flagged.csv;usgs/input/QA_pieces/USGS_2012-2013aq_flagged.csv;usgs/input/QA_pieces/USGS_2012-2013ar_flagged.csv;usgs/input/QA_pieces/USGS_2012-2013as_flagged.csv;usgs/input/QA_pieces/USGS_2012-2013at_flagged.csv;usgs/input/QA_pieces/USGS_2012-2013au_flagged.csv;usgs/input/QA_pieces/USGS_2012-2013av_flagged.csv;usgs/input/QA_pieces/USGS_2012-2013aw_flagged.csv;usgs/input/QA_pieces/USGS_2012-2013ax_flagged.csv;usgs/input/QA_pieces/USGS_2012-2013ay_flagged.csv;usgs/input/QA_pieces/USGS_2012-2013az_flagged.csv;usgs/input/QA_pieces/USGS_2012-2013ba_flagged.csv;usgs/input/QA_pieces/USGS_2012-2013bb_flagged.csv;usgs/input/QA_pieces/USGS_2012-2013bc_flagged.csv;usgs/input/QA_pieces/USGS_2012-2013bd_flagged.csv;usgs/input/QA_pieces/USGS_2012-2013be_flagged.csv;usgs/input/QA_pieces/USGS_2012-2013bf_flagged.csv;usgs/input/QA_pieces/USGS_2012-2013bg_flagged.csv;usgs/input/QA_pieces/USGS_2012-2013bh_flagged.csv;usgs/input/QA_pieces/USGS_2012-2013bi_flagged.csv;usgs/input/QA_pieces/USGS_2012-2013bj_flagged.csv;usgs/input/QA_pieces/USGS_2012-2013bk_flagged.csv;usgs/input/QA_pieces/USGS_2012-2013bl_flagged.csv;usgs/input/QA_pieces/USGS_2012-2013bm_flagged.csv;usgs/input/QA_pieces/USGS_2012-2013bn_flagged.csv;usgs/input/QA_pieces/USGS_2012-2013bo_flagged.csv;usgs/input/QA_pieces/USGS_2012-2013bp_flagged.csv;usgs/input/QA_pieces/USGS_2012-2013bq_flagged.csv;usgs/input/QA_pieces/USGS_2012-2013br_flagged.csv;usgs/input/QA_pieces/USGS_2012-2013bs_flagged.csv;usgs/input/QA_pieces/USGS_2012-2013bt_flagged.csv;usgs/input/QA_pieces/USGS_2012-2013bu_flagged.csv;usgs/input/QA_pieces/USGS_2014-2015aa_flagged.csv;usgs/input/QA_pieces/USGS_2014-2015ab_flagged.csv;usgs/input/QA_pieces/USGS_2014-2015ac_flagged.csv;usgs/input/QA_pieces/USGS_2014-2015ad_flagged.csv;usgs/input/QA_pieces/USGS_2014-2015ae_flagged.csv;usgs/input/QA_pieces/USGS_2014-2015af_flagged.csv;usgs/input/QA_pieces/USGS_2014-2015ag_flagged.csv;usgs/input/QA_pieces/USGS_2014-2015ah_flagged.csv;usgs/input/QA_pieces/USGS_2014-2015ai_flagged.csv;usgs/input/QA_pieces/USGS_2014-2015aj_flagged.csv;usgs/input/QA_pieces/USGS_2014-2015ak_flagged.csv;usgs/input/QA_pieces/USGS_2014-2015al_flagged.csv;usgs/input/QA_pieces/USGS_2014-2015am_flagged.csv;usgs/input/QA_pieces/USGS_2014-2015an_flagged.csv;usgs/input/QA_pieces/USGS_2014-2015ao_flagged.csv;usgs/input/QA_pieces/USGS_2014-2015ap_flagged.csv;usgs/input/QA_pieces/USGS_2014-2015aq_flagged.csv;usgs/input/QA_pieces/USGS_2014-2015ar_flagged.csv;usgs/input/QA_pieces/USGS_2014-2015as_flagged.csv;usgs/input/QA_pieces/USGS_2014-2015at_flagged.csv;usgs/input/QA_pieces/USGS_2014-2015au_flagged.csv;usgs/input/QA_pieces/USGS_2014-2015av_flagged.csv;usgs/input/QA_pieces/USGS_2014-2015aw_flagged.csv;usgs/input/QA_pieces/USGS_2014-2015ax_flagged.csv;usgs/input/QA_pieces/USGS_2014-2015ay_flagged.csv;usgs/input/QA_pieces/USGS_2014-2015az_flagged.csv;usgs/input/QA_pieces/USGS_2014-2015ba_flagged.csv;usgs/input/QA_pieces/USGS_2014-2015bb_flagged.csv;usgs/input/QA_pieces/USGS_2014-2015bc_flagged.csv;usgs/input/QA_pieces/USGS_2014-2015bd_flagged.csv;usgs/input/QA_pieces/USGS_2014-2015be_flagged.csv;usgs/input/QA_pieces/USGS_2014-2015bf_flagged.csv;usgs/input/QA_pieces/USGS_2014-2015bg_flagged.csv;usgs/input/QA_pieces/USGS_2014-2015bh_flagged.csv;usgs/input/QA_pieces/USGS_2014-2015bi_flagged.csv;usgs/input/QA_pieces/USGS_2014-2015bj_flagged.csv;usgs/input/QA_pieces/USGS_2014-2015bk_flagged.csv;usgs/input/QA_pieces/USGS_2014-2015bl_flagged.csv;usgs/input/QA_pieces/USGS_2014-2015bm_flagged.csv;usgs/input/QA_pieces/USGS_2014-2015bn_flagged.csv;usgs/input/QA_pieces/USGS_2014-2015bo_flagged.csv;usgs/input/QA_pieces/USGS_2014-2015bp_flagged.csv;usgs/input/QA_pieces/USGS_2014-2015bq_flagged.csv;usgs/input/QA_pieces/USGS_2016-2017aa_flagged.csv;usgs/input/QA_pieces/USGS_2016-2017ab_flagged.csv;usgs/input/QA_pieces/USGS_2016-2017ac_flagged.csv;usgs/input/QA_pieces/USGS_2016-2017ad_flagged.csv;usgs/input/QA_pieces/USGS_2016-2017ae_flagged.csv;usgs/input/QA_pieces/USGS_2016-2017af_flagged.csv;usgs/input/QA_pieces/USGS_2016-2017ag_flagged.csv;usgs/input/QA_pieces/USGS_2016-2017ah_flagged.csv;usgs/input/QA_pieces/USGS_2016-2017ai_flagged.csv;usgs/input/QA_pieces/USGS_2016-2017aj_flagged.csv;usgs/input/QA_pieces/USGS_2016-2017ak_flagged.csv;usgs/input/QA_pieces/USGS_2016-2017al_flagged.csv;usgs/input/QA_pieces/USGS_2016-2017am_flagged.csv;usgs/input/QA_pieces/USGS_2016-2017an_flagged.csv;usgs/input/QA_pieces/USGS_2016-2017ao_flagged.csv;usgs/input/QA_pieces/USGS_2016-2017ap_flagged.csv;usgs/input/QA_pieces/USGS_2016-2017aq_flagged.csv;usgs/input/QA_pieces/USGS_2016-2017ar_flagged.csv;usgs/input/QA_pieces/USGS_2016-2017as_flagged.csv;usgs/input/QA_pieces/USGS_2016-2017at_flagged.csv;usgs/input/QA_pieces/USGS_2016-2017au_flagged.csv;usgs/input/QA_pieces/USGS_2016-2017av_flagged.csv;usgs/input/QA_pieces/USGS_2016-2017aw_flagged.csv;usgs/input/QA_pieces/USGS_2016-2017ax_flagged.csv;usgs/input/QA_pieces/USGS_2016-2017ay_flagged.csv;usgs/input/QA_pieces/USGS_2016-2017az_flagged.csv;usgs/input/QA_pieces/USGS_2016-2017ba_flagged.csv;usgs/input/QA_pieces/USGS_2016-2017bb_flagged.csv;usgs/input/QA_pieces/USGS_2016-2017bc_flagged.csv;usgs/input/QA_pieces/USGS_2016-2017bd_flagged.csv;usgs/input/QA_pieces/USGS_2016-2017be_flagged.csv;usgs/input/QA_pieces/USGS_2016-2017bf_flagged.csv;usgs/input/QA_pieces/USGS_2016-2017bg_flagged.csv;usgs/input/QA_pieces/USGS_2016-2017bh_flagged.csv;usgs/input/QA_pieces/USGS_2016-2017bi_flagged.csv;usgs/input/QA_pieces/USGS_2016-2017bj_flagged.csv;usgs/input/QA_pieces/USGS_2016-2017bk_flagged.csv;usgs/input/QA_pieces/USGS_2018aa_flagged.csv;usgs/input/QA_pieces/USGS_2018ab_flagged.csv;usgs/input/QA_pieces/USGS_2018ac_flagged.csv;usgs/input/QA_pieces/USGS_2018ad_flagged.csv;usgs/input/QA_pieces/USGS_2018ae_flagged.csv;usgs/input/QA_pieces/USGS_2018af_flagged.csv;usgs/input/QA_pieces/USGS_2018ag_flagged.csv;usgs/input/QA_pieces/USGS_2018ah_flagged.csv;usgs/input/QA_pieces/USGS_2018ai_flagged.csv;usgs/input/QA_pieces/USGS_2018aj_flagged.csv;usgs/input/QA_pieces/USGS_2018ak_flagged.csv;usgs/input/QA_pieces/USGS_2018al_flagged.csv;usgs/input/QA_pieces/USGS_2018am_flagged.csv;usgs/input/QA_pieces/USGS_2018an_flagged.csv,http://www.waterqualitydata.us/portal/,"Monitoring data from USGS for air, biological tissue, groundwater, sediment, soil, surface water, and tissue.  Sediment, groundwater, and surface water are presented as temporal and geospatial summaries in the database as described in the text (due to size).",NA,NA
Information Platform for Chemical Monitoring Data - Biomonitoring,NA,0,0,1,1,0,999,ip_chem_biomonitoring,aggregate,source,NA,JTW,Data_IPChem Biomonitoring,StagetoDB/Danish HBM_Flagged.csv;StagetoDB/Democophes_Aggregate_Flagged.csv;StagetoDB/FLEHS_Aggregate_Flagged.csv;StagetoDB/IPCheM_ESBUBA_harmonized_Flagged.CSV;StagetoDB/PROBE_Aggregate_Flagged.csv,https://ipchem.jrc.ec.europa.eu/RDSIdiscovery/ipchem/index.html,IPCHEM is a web single access point for locating and accessing chemical monitoring data across all media in the European Union.,NA,NA
Information Platform for Chemical Monitoring Data - IBS,NA,0,0,1,1,0,999,ip_chem_ibs,raw,source,NA,JTW,Data_IPChem Biomonitoring,StagetoDB/IBS_Raw_Flagged.csv,https://ipchem.jrc.ec.europa.eu/RDSIdiscovery/ipchem/index.html,IPCHEM is a web single access point for locating and accessing chemical monitoring data across all media in the European Union.,NA,NA
